Workbook
Name AHSP: AHSP!$E$8:$M$8073
Name Bahan: BAHAN!$F$6:$K$510
Name k_bgl_kolom_1515: 'PERH. TULANGAN'!#REF!
Name k_bgl_sloof_1520: 'PERH. TULANGAN'!#REF!
Name k_tlg_kolom_1515: 'PERH. TULANGAN'!$O$8
Name k_tlg_sloof_d10: 'PERH. TULANGAN'!$O$7
Name RekapVolume: 'REKAP VOLUME'!$F$6:$H$117
Name TB: DATA!#REF!
Name TB: REKAPITULASI!#REF!
Name TB: HOME!#REF!
Name Upah: UPAH!$G$6:$N$45
Name v__balok2030: '[1]vol pek'!$C$58
Name v__kolom2550: '[1]vol pek'!$C$44
Name V_ACIAN: '[1]vol pek'!$C$115
Name v_atap: '[1]vol pek'!$C$101
Name v_bakcucipiring: '[1]vol pek'!$C$158
Name v_bakkontrol: '[1]vol pek'!$C$168
Name v_balok1520: '[1]vol pek'!$C$53
Name v_balok1525: '[1]vol pek'!$C$54
Name v_balok1530: '[1]vol pek'!$C$55
Name v_balok2020: '[1]vol pek'!$C$56
Name v_balok2025: '[1]vol pek'!$C$57
Name v_balok2035: '[1]vol pek'!$C$59
Name v_balok2040: '[1]vol pek'!$C$60
Name v_balok2525: '[1]vol pek'!$C$61
Name v_balok2535: '[1]vol pek'!$C$63
Name v_balok2540: '[1]vol pek'!$C$64
Name v_balok2545: '[1]vol pek'!$C$65
Name v_balok2550: '[1]vol pek'!$C$66
Name v_balok3035: '[1]vol pek'!$C$68
Name v_balok3040: '[1]vol pek'!$C$69
Name v_balok3545: '[1]vol pek'!$C$70
Name v_balok3550: '[1]vol pek'!$C$71
Name v_balok4040: '[1]vol pek'!$C$72
Name v_balok4045: '[1]vol pek'!$C$73
Name v_balok4050: '[1]vol pek'!$C$74
Name v_balokdinding: '[1]vol pek'!$C$93
Name v_blk_3030: '[1]vol pek'!$C$67
Name v_cat_kayu: '[1]vol pek'!$C$141
Name v_cat_tembok: '[1]vol pek'!$C$143
Name v_dempul: '[1]vol pek'!$C$139
Name v_dinding_1_2: '[1]vol pek'!$C$85
Name v_dinding_1_4: '[1]vol pek'!$C$84
Name v_dinding1_2: '[1]vol pek'!$C$113
Name v_dinding1_4: '[1]vol pek'!$C$114
Name v_engsel: '[1]vol pek'!$C$134
Name v_floordrain: '[1]vol pek'!$C$157
Name v_galian_2m: '[1]vol pek'!$C$14
Name v_galian_3m: '[1]vol pek'!$C$15
Name v_galian_cadas: '[1]vol pek'!$C$17
Name v_galian_keras: '[1]vol pek'!$C$16
Name v_galian_lumpur: '[1]vol pek'!$C$18
Name v_galiantanahpondasi: '[1]vol pek'!$C$13
Name v_gording: '[1]vol pek'!$C$98
Name v_gudangsemen: '[1]vol pek'!$C$9
Name v_kaca_15mm: '[1]vol pek'!$C$132
Name v_keran: '[1]vol pek'!$C$163
Name v_klosetduduk: '[1]vol pek'!$C$156
Name v_klosetjongkok: '[1]vol pek'!$C$155
Name v_kolom1515: '[1]vol pek'!$C$30

Sheet HOME
E2: HOME
A21: www.rabotomatis.com

Sheet DATA
E2: DATA
A29: www.rabotomatis.com

Sheet AHSP
E2: AHSP (Analisa Harga Satuan Pekerjaan)
F4: ANALISA HARGA SATUAN PEKERJAAN (AHSP)
D7: A.2.2.1 | E7: HARGA SATUAN PEKERJAAN PERSIAPAN
E8: A.1.1.1.1 | F8: (K3) Pembuatan 1 m2 pagar sementara dari kayu tinggi 2 meter | M8: =L29 -> 698740
E9: A.1.1.1.1 | F9: No | G9: Uraian | H9: Kode | I9: Satuan | J9: Koefisien | K9: Harga Satuan (Rp.) | L9: Jumlah Harga (Rp.)
E10: A.1.1.1.1 | F10: A | G10: TENAGA
E11: A.1.1.1.1 | G11: Pekerja | H11: L.01.01 | I11: OH | J11: 0.4 | K11: =VLOOKUP(G11,Upah,8,FALSE) -> 125000 | L11: =J11*K11 -> 50000
E12: A.1.1.1.1 | G12: Tukang Kayu | H12: L.02.04 | I12: OH | J12: 0.2 | K12: =VLOOKUP(G12,Upah,8,FALSE) -> 150000 | L12: =J12*K12 -> 30000
E13: A.1.1.1.1 | G13: Kepala Tukang | H13: L.03.01 | I13: OH | J13: 0.02 | K13: =VLOOKUP(G13,Upah,8,FALSE) -> 165000 | L13: =J13*K13 -> 3300
E14: A.1.1.1.1 | G14: Mandor | H14: L.04.01 | I14: OH | J14: 0.02 | K14: =VLOOKUP(G14,Upah,8,FALSE) -> 170000 | L14: =J14*K14 -> 3400
E15: A.1.1.1.1 | J15: JUMLAH TENAGA KERJA | L15: =SUM(L11:L14) -> 86700
E16: A.1.1.1.1 | F16: B | G16: BAHAN
E17: A.1.1.1.1 | G17: Dolken kayu Ø 8-10/400 cm | I17: Batang | J17: 1.25 | K17: =VLOOKUP(G17,Bahan,6,FALSE) -> 31250 | L17: =J17*K17 -> 39062.5
E18: A.1.1.1.1 | G18: Semen portland | I18: Kg | J18: 5 | K18: =VLOOKUP(G18,Bahan,6,FALSE) -> 1880 | L18: =J18*K18 -> 9400
E19: A.1.1.1.1 | G19: Pasir beton m3 | I19: m3 | J19: 0.005 | K19: =VLOOKUP(G19,Bahan,6,FALSE) -> 350000 | L19: =J19*K19 -> 1750
E20: A.1.1.1.1 | G20: Koral beton | I20: m3 | J20: 0.009 | K20: =VLOOKUP(G20,Bahan,6,FALSE) -> 600000 | L20: =J20*K20 -> 5400
E21: A.1.1.1.1 | G21: Kayu 5/7 | I21: m3 | J21: 0.072 | K21: =VLOOKUP(G21,Bahan,6,FALSE) -> 6765000 | L21: =J21*K21 -> 487080
E22: A.1.1.1.1 | G22: Paku biasa | I22: Kg | J22: 0.06 | K22: =VLOOKUP(G22,Bahan,6,FALSE) -> 27970 | L22: =J22*K22 -> 1678.2
E23: A.1.1.1.1 | G23: Residu | I23: Liter | J23: 0.4 | K23: =VLOOKUP(G23,Bahan,6,FALSE) -> 10370 | L23: =J23*K23 -> 4148
E24: A.1.1.1.1 | J24: JUMLAH HARGA BAHAN | L24: =SUM(L16:L23) -> 548518.7
E25: A.1.1.1.1 | F25: C | G25: PERALATAN
E26: A.1.1.1.1 | J26: JUMLAH HARGA ALAT | L26: =L25 -> 0
E27: A.1.1.1.1 | F27: D | G27: Jumlah (A+B+C) | L27: =SUM(L11:L26)/2 -> 635218.7
E28: A.1.1.1.1 | F28: E | G28: Overhead & Profit 10% | J28: 0.1 | L28: =J28*L27 -> 63521.87
A29: www.rabotomatis.com | E29: A.1.1.1.1 | F29: F | G29: Harga Satuan Pekerjaan (D+E) | K29: 0 | L29: =ROUNDDOWN(L27+L28,0) -> 698740
E31: A.1.1.1.2 | F31: (K3) Pembuatan 1 m2 pagar sementara dari seng gelombang tinggi 2 meter | M31: =L53 -> 795702
E32: A.1.1.1.2 | F32: No | G32: Uraian | H32: Kode | I32: Satuan | J32: Koefisien | K32: Harga Satuan (Rp.) | L32: Jumlah Harga (Rp.)
E33: A.1.1.1.2 | F33: A | G33: TENAGA | K33: 0 | L33: =J33*K33 -> 0
E34: A.1.1.1.2 | G34: Pekerja | H34: L.01.01 | I34: OH | J34: 0.2 | K34: =VLOOKUP(G34,Upah,8,FALSE) -> 125000 | L34: =J34*K34 -> 25000
E35: A.1.1.1.2 | G35: Tukang Kayu | H35: L.02.04 | I35: OH | J35: 0.4 | K35: =VLOOKUP(G35,Upah,8,FALSE) -> 150000 | L35: =J35*K35 -> 60000
E36: A.1.1.1.2 | G36: Kepala Tukang | H36: L.03.01 | I36: OH | J36: 0.02 | K36: =VLOOKUP(G36,Upah,8,FALSE) -> 165000 | L36: =J36*K36 -> 3300
E37: A.1.1.1.2 | G37: Mandor | H37: L.04.01 | I37: OH | J37: 0.02 | K37: =VLOOKUP(G37,Upah,8,FALSE) -> 170000 | L37: =J37*K37 -> 3400
E38: A.1.1.1.2 | J38: JUMLAH TENAGA KERJA | L38: =SUM(L33:L37) -> 91700
E39: A.1.1.1.2 | F39: B | G39: BAHAN
E40: A.1.1.1.2 | G40: Dolken kayu Ø 8-10/400 cm | I40: Batang | J40: 1.25 | K40: =VLOOKUP(G40,Bahan,6,FALSE) -> 31250 | L40: =J40*K40 -> 39062.5
E41: A.1.1.1.2 | G41: Semen portland | I41: Kg | J41: 2.5 | K41: =VLOOKUP(G41,Bahan,6,FALSE) -> 1880 | L41: =J41*K41 -> 4700
E42: A.1.1.1.2 | G42: Seng gelombang | I42: Lbr | J42: 1.2 | K42: =VLOOKUP(G42,Bahan,6,FALSE) -> 63500 | L42: =J42*K42 -> 76200
E43: A.1.1.1.2 | G43: Pasir beton m3 | I43: m3 | J43: 0.005 | K43: =VLOOKUP(G43,Bahan,6,FALSE) -> 350000 | L43: =J43*K43 -> 1750
E44: A.1.1.1.2 | G44: Koral beton | I44: m3 | J44: 0.009 | K44: =VLOOKUP(G44,Bahan,6,FALSE) -> 600000 | L44: =J44*K44 -> 5400
E45: A.1.1.1.2 | G45: Kayu 5/7 | I45: m3 | J45: 0.072 | K45: =VLOOKUP(G45,Bahan,6,FALSE) -> 6765000 | L45: =J45*K45 -> 487080
E46: A.1.1.1.2 | G46: Paku biasa | I46: Kg | J46: 0.06 | K46: =VLOOKUP(G46,Bahan,6,FALSE) -> 27970 | L46: =J46*K46 -> 1678.2
E47: A.1.1.1.2 | G47: Meni besi | I47: Liter | J47: 0.45 | K47: =VLOOKUP(G47,Bahan,6,FALSE) -> 35100 | L47: =J47*K47 -> 15795
E48: A.1.1.1.2 | J48: JUMLAH HARGA BAHAN | L48: =SUM(L40:L47) -> 631665.7
E49: A.1.1.1.2 | F49: C | G49: PERALATAN | K49: 0
E50: A.1.1.1.2 | J50: JUMLAH HARGA ALAT | L50: =L49 -> 0
E51: A.1.1.1.2 | F51: D | G51: Jumlah (A+B+C) | L51: =SUM(L34:L50)/2 -> 723365.7
E52: A.1.1.1.2 | F52: E | G52: Overhead & Profit 10% | J52: 0.1 | L52: =J52*L51 -> 72336.57
E53: A.1.1.1.2 | F53: F | G53: Harga Satuan Pekerjaan (D+E) | K53: 0 | L53: =ROUNDDOWN(L51+L52,0) -> 795702
E55: A.1.1.1.3 | F55: Pembuatan 1 m2 pagar sementara dari kawat duri tinggi 1,8 meter | M55: =L75 -> 814561
E56: A.1.1.1.3 | F56: No | G56: Uraian | H56: Kode | I56: Satuan | J56: Koefisien | K56: Harga Satuan (Rp.) | L56: Jumlah Harga (Rp.)
E57: A.1.1.1.3 | F57: A | G57: TENAGA | K57: 0 | L57: =J57*K57 -> 0
E58: A.1.1.1.3 | G58: Pekerja | H58: L.01.01 | I58: OH | J58: 0.2 | K58: =VLOOKUP(G58,Upah,8,FALSE) -> 125000 | L58: =J58*K58 -> 25000
E59: A.1.1.1.3 | G59: Tukang Kayu | H59: L.02.04 | I59: OH | J59: 0.3 | K59: =VLOOKUP(G59,Upah,8,FALSE) -> 150000 | L59: =J59*K59 -> 45000
E60: A.1.1.1.3 | G60: Kepala Tukang | H60: L.03.01 | I60: OH | J60: 0.02 | K60: =VLOOKUP(G60,Upah,8,FALSE) -> 165000 | L60: =J60*K60 -> 3300
E61: A.1.1.1.3 | G61: Mandor | H61: L.04.01 | I61: OH | J61: 0.02 | K61: =VLOOKUP(G61,Upah,8,FALSE) -> 170000 | L61: =J61*K61 -> 3400
E62: A.1.1.1.3 | J62: JUMLAH TENAGA KERJA | L62: =SUM(L57:L61) -> 76700
E63: A.1.1.1.3 | F63: B | G63: BAHAN | K63: 0 | L63: =J63*K63 -> 0
E64: A.1.1.1.3 | G64: Dolken kayu Ø 8-10/400 cm | I64: Batang | J64: 1 | K64: =VLOOKUP(G64,Bahan,6,FALSE) -> 31250 | L64: =J64*K64 -> 31250
E65: A.1.1.1.3 | G65: Semen portland | I65: Kg | J65: 2 | K65: =VLOOKUP(G65,Bahan,6,FALSE) -> 1880 | L65: =J65*K65 -> 3760
E66: A.1.1.1.3 | G66: Kawat duri | I66: M’ | J66: 25 | K66: =VLOOKUP(G66,Bahan,6,FALSE) -> 24800 | L66: =J66*K66 -> 620000
E67: A.1.1.1.3 | G67: Pasir beton m3 | I67: m3 | J67: 0.005 | K67: =VLOOKUP(G67,Bahan,6,FALSE) -> 350000 | L67: =J67*K67 -> 1750
E68: A.1.1.1.3 | G68: Koral beton | I68: m3 | J68: 0.009 | K68: =VLOOKUP(G68,Bahan,6,FALSE) -> 600000 | L68: =J68*K68 -> 5400
E69: A.1.1.1.3 | G69: Paku biasa 2” - 5” | I69: Kg | J69: 0.06 | K69: =VLOOKUP(G69,Bahan,6,FALSE) -> 27500 | L69: =J69*K69 -> 1650
E70: A.1.1.1.3 | J70: JUMLAH HARGA BAHAN | L70: =SUM(L64:L69) -> 663810
E71: A.1.1.1.3 | F71: C | G71: PERALATAN | K71: 0 | L71: =J71*K71 -> 0
E72: A.1.1.1.3 | J72: JUMLAH HARGA ALAT | L72: =L71 -> 0
E73: A.1.1.1.3 | F73: D | G73: Jumlah (A+B+C) | K73: 0 | L73: =SUM(L58:L72)/2 -> 740510
E74: A.1.1.1.3 | F74: E | G74: Overhead & Profit 10% | J74: 0.1 | L74: =J74*L73 -> 74051
E75: A.1.1.1.3 | F75: F | G75: Harga Satuan Pekerjaan (D+E) | K75: 0 | L75: =ROUNDDOWN(L73+L74,0) -> 814561
E77: A.1.1.1.4 | F77: Pengukuran dan pemasangan 1 m’ Bouwplank | M77: =L94 -> 92990
E78: A.1.1.1.4 | F78: No | G78: Uraian | H78: Kode | I78: Satuan | J78: Koefisien | K78: Harga Satuan (Rp.) | L78: Jumlah Harga (Rp.)
E79: A.1.1.1.4 | F79: A | G79: TENAGA
E80: A.1.1.1.4 | G80: Pekerja | H80: L.01.01 | I80: OH | J80: 0.1 | K80: =VLOOKUP(G80,Upah,8,FALSE) -> 125000 | L80: =J80*K80 -> 12500
E81: A.1.1.1.4 | G81: Tukang Kayu | H81: L.02.04 | I81: OH | J81: 0.1 | K81: =VLOOKUP(G81,Upah,8,FALSE) -> 150000 | L81: =J81*K81 -> 15000
E82: A.1.1.1.4 | G82: Kepala Tukang | H82: L.03.01 | I82: OH | J82: 0.01 | K82: =VLOOKUP(G82,Upah,8,FALSE) -> 165000 | L82: =J82*K82 -> 1650
E83: A.1.1.1.4 | G83: Mandor | H83: L.04.01 | I83: OH | J83: 0.005 | K83: =VLOOKUP(G83,Upah,8,FALSE) -> 170000 | L83: =J83*K83 -> 850
E84: A.1.1.1.4 | J84: JUMLAH TENAGA KERJA | L84: =SUM(L79:L83) -> 30000
E85: A.1.1.1.4 | F85: B | G85: BAHAN
E86: A.1.1.1.4 | G86: Kayu balok 5/7 kelas III | I86: m3 | J86: 0.012 | K86: =VLOOKUP(G86,Bahan,6,FALSE) -> 2646000 | L86: =J86*K86 -> 31752
E87: A.1.1.1.4 | G87: Paku 2”-3” | I87: Kg | J87: 0.02 | K87: =VLOOKUP(G87,Bahan,6,FALSE) -> 27970 | L87: =J87*K87 -> 559.4
E88: A.1.1.1.4 | G88: Kayu papan kelas III | I88: m3 | J88: 0.007 | K88: =VLOOKUP(G88,Bahan,6,FALSE) -> 3175000 | L88: =J88*K88 -> 22225
E89: A.1.1.1.4 | J89: JUMLAH HARGA BAHAN | L89: =SUM(L86:L88) -> 54536.4
E90: A.1.1.1.4 | F90: C | G90: PERALATAN | K90: 0 | L90: =J90*K90 -> 0
E91: A.1.1.1.4 | J91: JUMLAH HARGA ALAT | L91: =L90 -> 0
E92: A.1.1.1.4 | F92: D | G92: Jumlah (A+B+C) | K92: 0 | L92: =SUM(L80:L91)/2 -> 84536.4
E93: A.1.1.1.4 | F93: E | G93: Overhead & Profit 10% | J93: 0.1 | L93: =J93*L92 -> 8453.64
E94: A.1.1.1.4 | F94: F | G94: Harga Satuan Pekerjaan (D+E) | K94: 0 | L94: =ROUNDDOWN(L92+L93,0) -> 92990
E96: A.1.1.1.5 | F96: (K3) Pembuatan 1 m2 kantor sementara lantai plesteran | M96: =L125 -> 2574354
F97: No | G97: Uraian | H97: Kode | I97: Satuan | J97: Koefisien | K97: Harga Satuan (Rp.) | L97: Jumlah Harga (Rp.)
F98: A | G98: TENAGA
G99: Pekerja | H99: L.01.01 | I99: OH | J99: 2 | K99: =VLOOKUP(G99,Upah,8,FALSE) -> 125000 | L99: =J99*K99 -> 250000
G100: Tukang Kayu | H100: L.02.04 | I100: OH | J100: 2 | K100: =VLOOKUP(G100,Upah,8,FALSE) -> 150000 | L100: =J100*K100 -> 300000
G101: Tukang batu | H101: L.02.03 | I101: OH | J101: 1 | K101: =VLOOKUP(G101,Upah,8,FALSE) -> 150000 | L101: =J101*K101 -> 150000
G102: Kepala Tukang | H102: L.03.01 | I102: OH | J102: 0.3 | K102: =VLOOKUP(G102,Upah,8,FALSE) -> 165000 | L102: =J102*K102 -> 49500
G103: Mandor | H103: L.04.01 | I103: OH | J103: 0.05 | K103: =VLOOKUP(G103,Upah,8,FALSE) -> 170000 | L103: =J103*K103 -> 8500
J104: JUMLAH TENAGA KERJA | L104: =SUM(L99:L103) -> 758000
F105: B | G105: BAHAN | K105: 0 | L105: =J105*K105 -> 0
G106: Dolken kayu Ø 8-10/400 cm | I106: Batang | J106: 1.25 | K106: =VLOOKUP(G106,Bahan,6,FALSE) -> 31250 | L106: =J106*K106 -> 39062.5
G107: Kayu balok 5/7 | I107: m3 | J107: 0.18 | K107: =VLOOKUP(G107,Bahan,6,FALSE) -> 6765000 | L107: =J107*K107 -> 1217700
G108: Paku biasa | I108: Kg | J108: 0.08 | K108: =VLOOKUP(G108,Bahan,6,FALSE) -> 27970 | L108: =J108*K108 -> 2237.6
...

Sheet HSP
E2: HSP (Harga Satuan Pekerjaan)
E4: No | F4: Kode | H4: Jenis Pekerjaan | I4: Satuan | J4: Harga
F6: A.1.1.1 | G6: HARGA SATUAN PEKERJAAN PERSIAPAN
E7: 1 | G7: A.1.1.1.1 | H7: =VLOOKUP(G7,AHSP,2,FALSE) -> (K3) Pembuatan 1 m2 pagar sementara dari kayu tinggi 2 meter | I7: m2 | J7: =VLOOKUP(G7,AHSP,9,FALSE) -> 698740
E8: =E7+1 -> 2 | G8: A.1.1.1.2 | H8: =VLOOKUP(G8,AHSP,2,FALSE) -> (K3) Pembuatan 1 m2 pagar sementara dari seng gelombang tinggi 2 meter | I8: m2 | J8: =VLOOKUP(G8,AHSP,9,FALSE) -> 795702
E9: =E8+1 -> 3 | G9: A.1.1.1.3 | H9: =VLOOKUP(G9,AHSP,2,FALSE) -> Pembuatan 1 m2 pagar sementara dari kawat duri tinggi 1,8 meter | I9: m2 | J9: =VLOOKUP(G9,AHSP,9,FALSE) -> 814561
E10: =E9+1 -> 4 | G10: A.1.1.1.4 | H10: =VLOOKUP(G10,AHSP,2,FALSE) -> Pengukuran dan pemasangan 1 m’ Bouwplank | I10: m2 | J10: =VLOOKUP(G10,AHSP,9,FALSE) -> 92990
E11: =E10+1 -> 5 | G11: A.1.1.1.5 | H11: =VLOOKUP(G11,AHSP,2,FALSE) -> (K3) Pembuatan 1 m2 kantor sementara lantai plesteran | I11: m2 | J11: =VLOOKUP(G11,AHSP,9,FALSE) -> 2574354
E12: =E11+1 -> 6 | G12: A.1.1.1.6 | H12: =VLOOKUP(G12,AHSP,2,FALSE) -> (K3) Pembuatan 1 m2 gudang | I12: m2 | J12: =VLOOKUP(G12,AHSP,9,FALSE) -> 2323646
E13: =E12+1 -> 7 | G13: A.1.1.1.7 | H13: =VLOOKUP(G13,AHSP,2,FALSE) -> (K3) Pembuatan 1 m2 rumah jaga (konstruksi kayu ) | I13: m2 | J13: =VLOOKUP(G13,AHSP,9,FALSE) -> 2704865
E14: =E13+1 -> 8 | G14: A.1.1.1.8 | H14: =VLOOKUP(G14,AHSP,2,FALSE) -> Pembersihan 1 m2 dan peralatan lapangan | I14: m2 | J14: =VLOOKUP(G14,AHSP,9,FALSE) -> 23100
E15: =E14+1 -> 9 | G15: A.1.1.1.9 | H15: =VLOOKUP(G15,AHSP,2,FALSE) -> (K3) Pembuatan 1 m2 bedeng pekerja | I15: m2 | J15: =VLOOKUP(G15,AHSP,9,FALSE) -> 2251846
E16: =E15+1 -> 10 | G16: A.1.1.1.10 | H16: =VLOOKUP(G16,AHSP,2,FALSE) -> Pembuatan 1 m2 bak adukan | I16: m2 | J16: =VLOOKUP(G16,AHSP,9,FALSE) -> 244258
E17: =E16+1 -> 11 | G17: A.1.1.1.11 | H17: =VLOOKUP(G17,AHSP,2,FALSE) -> Pembuatan 1 m2 perancah dari bambu s.d. tinggi 6 meter | I17: m2 | J17: =VLOOKUP(G17,AHSP,9,FALSE) -> 548811
E18: =E17+1 -> 12 | G18: A.1.1.1.12 | H18: =VLOOKUP(G18,AHSP,2,FALSE) -> Pembuatan 1 m2 jalan sementara | I18: m2 | J18: =VLOOKUP(G18,AHSP,9,FALSE) -> 251658
E19: =E18+1 -> 13 | G19: A.1.1.1.13 | H19: =VLOOKUP(G19,AHSP,2,FALSE) -> Pembongkaran 1 m3 beton bertulang | I19: m3 | J19: =VLOOKUP(G19,AHSP,9,FALSE) -> 331644
... E22: =E21+1 -> 16 | G22: A.1.1.1.16 | H22: =VLOOKUP(G22,AHSP,2,FALSE) -> Pemasangan 1 m2 panel beton pracetak 50x50x240 cm | I22: m2 | J22: =VLOOKUP(G22,AHSP,9,FALSE) -> 626811
F24: A.1.5.1 | G24: HARGA SATUAN PEKERJAAN TANAH
E25: 17 | G25: A.1.5.1.1 | H25: =VLOOKUP(G25,AHSP,2,FALSE) -> Penggalian 1 m3 tanah biasa sedalam s.d. 1 m | I25: m3 | J25: =VLOOKUP(G25,AHSP,9,FALSE) -> 107800
E26: =E25+1 -> 18 | G26: A.1.5.1.2 | H26: =VLOOKUP(G26,AHSP,2,FALSE) -> Penggalian 1 m3 tanah biasa sedalam >1 s.d. 2 m | I26: m3 | J26: =VLOOKUP(G26,AHSP,9,FALSE) -> 132165
E27: =E26+1 -> 19 | G27: A.1.5.1.3 | H27: =VLOOKUP(G27,AHSP,2,FALSE) -> Penggalian 1 m3 tanah biasa sedalam >2 s.d. 3 m | I27: m3 | J27: =VLOOKUP(G27,AHSP,9,FALSE) -> 156904
E28: =E27+1 -> 20 | G28: A.1.5.1.4 | H28: =VLOOKUP(G28,AHSP,2,FALSE) -> Penggalian 1 m3 tanah keras sedalam s.d. 1 m | I28: m3 | J28: =VLOOKUP(G28,AHSP,9,FALSE) -> 143484
A29: www.rabotomatis.com | E29: =E28+1 -> 21 | G29: A.1.5.1.5 | H29: =VLOOKUP(G29,AHSP,2,FALSE) -> Penggalian 1 m3 tanah cadas sedalam s.d. 1 m | I29: m3 | J29: =VLOOKUP(G29,AHSP,9,FALSE) -> 217470
E30: =E29+1 -> 22 | G30: A.1.5.1.6 | H30: =VLOOKUP(G30,AHSP,2,FALSE) -> Penggalian 1 m3 tanah lumpur sedalam s.d. 1 m | I30: m3 | J30: =VLOOKUP(G30,AHSP,9,FALSE) -> 173415
E31: =E30+1 -> 23 | G31: A.1.5.1.7 | H31: =VLOOKUP(G31,AHSP,2,FALSE) -> Pengerjaan stripping 1 m2 tanah tebing setinggi s.d. 1 meter | I31: m2 | J31: =VLOOKUP(G31,AHSP,9,FALSE) -> 7810
E32: =E31+1 -> 24 | G32: A.1.5.1.8 | H32: =VLOOKUP(G32,AHSP,2,FALSE) -> (K3) Pembuangan 1 m3 tanah sejauh s.d. 30 meter | I32: m3 | J32: =VLOOKUP(G32,AHSP,9,FALSE) -> 47245
E33: =E32+1 -> 25 | G33: A.1.5.1.9 | H33: =VLOOKUP(G33,AHSP,2,FALSE) -> Pengurugan kembali 1 m3 galian tanah Tanah Biasa Sedalam 1 M | I33: m3 | J33: =VLOOKUP(G33,AHSP,9,FALSE) -> 39050
E34: =E33+1 -> 26 | G34: A.1.5.1.10 | H34: =VLOOKUP(G34,AHSP,2,FALSE) -> (K3) Pemadatan tanah 1 m3 tanah ( per 20 cm) | I34: m3 | J34: =VLOOKUP(G34,AHSP,9,FALSE) -> 78100
E35: =E34+1 -> 27 | G35: A.1.5.1.11 | H35: =VLOOKUP(G35,AHSP,2,FALSE) -> Pengurugan 1 m3 dengan pasir urug | I35: m3 | J35: =VLOOKUP(G35,AHSP,9,FALSE) -> 440426
E36: =E35+1 -> 28 | G36: A.1.5.1.12 | H36: =VLOOKUP(G36,AHSP,2,FALSE) -> Pemasangan 1 m3 lapisan pudel campuran 1KP:3PP:7TL | I36: m3 | J36: =VLOOKUP(G36,AHSP,9,FALSE) -> 418145
E37: =E36+1 -> 29 | G37: A.1.5.1.13 | H37: =VLOOKUP(G37,AHSP,2,FALSE) -> Pemasangan 1 m2 lapisan ijuk tebal 10 cm untuk bidang resapan | I37: m2 | J37: =VLOOKUP(G37,AHSP,9,FALSE) -> 1617330
E38: =E37+1 -> 30 | G38: A.1.5.1.14 | H38: =VLOOKUP(G38,AHSP,2,FALSE) -> Pengurugan 1 m3 dengan sirtu padat | I38: m3 | J38: =VLOOKUP(G38,AHSP,9,FALSE) -> 401852
F40: A.3.1.1 | G40: HARGA SATUAN PEKERJAAN PONDASI
E41: 31 | G41: A.3.1.1.1 | H41: =VLOOKUP(G41,AHSP,2,FALSE) -> Pemasangan 1 m3 pondasi batu belah campuran 1SP : 3PP | I41: m3 | J41: =VLOOKUP(G41,AHSP,9,FALSE) -> 1467001
E42: =E41+1 -> 32 | G42: A.3.1.1.2 | H42: =VLOOKUP(G42,AHSP,2,FALSE) -> Pemasangan 1 m3 pondasi batu belah campuran 1SP : 4PP | I42: m3 | J42: =VLOOKUP(G42,AHSP,9,FALSE) -> 1396109
E43: =E42+1 -> 33 | G43: A.3.1.1.3 | H43: =VLOOKUP(G43,AHSP,2,FALSE) -> Pemasangan 1 m3 pondasi batu belah campuran 1SP : 5PP | I43: m3 | J43: =VLOOKUP(G43,AHSP,9,FALSE) -> 1346965
E44: =E43+1 -> 34 | G44: A.3.1.1.4 | H44: =VLOOKUP(G44,AHSP,2,FALSE) -> Pemasangan 1 m3 pondasi batu belah campuran 1SP : 6PP | I44: m3 | J44: =VLOOKUP(G44,AHSP,9,FALSE) -> 1312414
E45: =E44+1 -> 35 | G45: A.3.1.1.5 | H45: =VLOOKUP(G45,AHSP,2,FALSE) -> Pemasangan 1 m3 pondasi batu belah campuran 1SP : 8PP | I45: m3 | J45: =VLOOKUP(G45,AHSP,9,FALSE) -> 1265060
E46: =E45+1 -> 36 | G46: A.3.1.1.6 | H46: =VLOOKUP(G46,AHSP,2,FALSE) -> Pemasangan 1 m3 pondasi batu belah campuran 1SP : 1KP : 2PP | I46: m3 | J46: =VLOOKUP(G46,AHSP,9,FALSE) -> 1444343
E47: =E46+1 -> 37 | G47: A.3.1.1.7 | H47: =VLOOKUP(G47,AHSP,2,FALSE) -> Pemasangan 1 m3 pondasi batu belah campuran 1 SP : 3 KP : 10 PP | I47: m3 | J47: =VLOOKUP(G47,AHSP,9,FALSE) -> 1249960
E48: =E47+1 -> 38 | G48: A.3.1.1.8 | H48: =VLOOKUP(G48,AHSP,2,FALSE) -> Pemasangan 1 m3 pondasi batu belah campuran ¼ SP : 1 KP : 4PP | I48: m3 | J48: =VLOOKUP(G48,AHSP,9,FALSE) -> 1209343
E49: =E48+1 -> 39 | G49: A.3.1.1.9 | H49: =VLOOKUP(G49,AHSP,2,FALSE) -> Pemasangan 1 m3 batu kosong (anstamping) | I49: m3 | J49: =VLOOKUP(G49,AHSP,9,FALSE) -> 885381
E50: =E49+1 -> 40 | G50: A.3.1.1.10 | H50: =VLOOKUP(G50,AHSP,2,FALSE) -> (K3) Pemasangan 1 m3 pondasi siklop, 60% beton campuran 1SP : 2 PB : 3 Kr dan 40% batu belah | I50: m3 | J50: =VLOOKUP(G50,AHSP,9,FALSE) -> 3552398
E51: =E50+1 -> 41 | G51: A.3.1.1.11 | H51: =VLOOKUP(G51,AHSP,2,FALSE) -> Pemasangan 1 m3 pondasi sumuran, diameter 100 cm | I51: m3 | J51: =VLOOKUP(G51,AHSP,9,FALSE) -> 1537607
F53: A.4.1.1 | G53: HARGA SATUAN PEKERJAAN BETON
E54: 42 | G54: A.4.1.1.1 | H54: =VLOOKUP(G54,AHSP,2,FALSE) -> Membuat 1 m3 beton mutu f’c = 7,4 MPa (K 100) | I54: m3 | J54: =VLOOKUP(G54,AHSP,9,FALSE) -> 1548761
E55: =E54+1 -> 43 | G55: A.4.1.1.2 | H55: =VLOOKUP(G55,AHSP,2,FALSE) -> Membuat 1 m3 beton mutu f’= 9,8 MPa (K 125) | I55: m3 | J55: =VLOOKUP(G55,AHSP,9,FALSE) -> 1603814
E56: =E55+1 -> 44 | G56: A.4.1.1.3 | H56: =VLOOKUP(G56,AHSP,2,FALSE) -> Membuat 1 m3 beton mutu f’= 12,2 MPa (K 150) | I56: m3 | J56: =VLOOKUP(G56,AHSP,9,FALSE) -> 1645847
E57: =E56+1 -> 45 | G57: A.4.1.1.4 | H57: =VLOOKUP(G57,AHSP,2,FALSE) -> Membuat 1 m3 lantai kerja beton mutu f’c = 7,4 MPa (K 100), slump (3-6) cm, w/c = 0,87 | I57: m3 | J57: =VLOOKUP(G57,AHSP,9,FALSE) -> 1452653
E58: =E57+1 -> 46 | G58: A.4.1.1.5 | H58: =VLOOKUP(G58,AHSP,2,FALSE) -> Membuat 1 m3 beton mutu f’ = 14,5 MPa (K 175), slump (12 ±2) cm, w/c = 0,66 | I58: m3 | J58: =VLOOKUP(G58,AHSP,9,FALSE) -> 1696825
E59: =E58+1 -> 47 | G59: A.4.1.1.6 | H59: =VLOOKUP(G59,AHSP,2,FALSE) -> Membuat 1 m3 beton mutu f’= 16,9 MPa (K 200), slump (120 ± 20) mm, w/c = 0,61 | I59: m3 | J59: =VLOOKUP(G59,AHSP,9,FALSE) -> 1743595
E60: =E59+1 -> 48 | G60: A.4.1.1.7 | H60: =VLOOKUP(G60,AHSP,2,FALSE) -> Membuat 1 m3 beton mutu f’ = 19,3 MPa (K 225), slump (120 ± 20) mm, w/c = 0,58 | I60: m3 | J60: =VLOOKUP(G60,AHSP,9,FALSE) -> 1781635
E61: =E60+1 -> 49 | G61: A.4.1.1.8 | H61: =VLOOKUP(G61,AHSP,2,FALSE) -> Membuat 1 m3 beton mutu f’= 21,7 MPa (K 250), slump (120 ± 20) mm, w/c = 0,56 | I61: m3 | J61: =VLOOKUP(G61,AHSP,9,FALSE) -> 1802958
E62: =E61+1 -> 50 | G62: A.4.1.1.9 | H62: =VLOOKUP(G62,AHSP,2,FALSE) -> Membuat 1 m3 beton mutu f’ = 24,0 MPa (K 275), slump (120 ± 20) mm, w/c = 0,53 | I62: m3 | J62: =VLOOKUP(G62,AHSP,9,FALSE) -> 1839898
E63: =E62+1 -> 51 | G63: A.4.1.1.10 | H63: =VLOOKUP(G63,AHSP,2,FALSE) -> Membuat 1 m3 beton mutu f’c = 26,4 MPa (K 300), slump (120 ± 20) mm, w/c = 0,52 | I63: m3 | J63: =VLOOKUP(G63,AHSP,9,FALSE) -> 1851105
E64: =E63+1 -> 52 | G64: A.4.1.1.11 | H64: =VLOOKUP(G64,AHSP,2,FALSE) -> Membuat 1 m3 beton mutu f’c = 28,8 MPa (K 325), slump (120 ± 20) mm, w/c = 0,49 | I64: m3 | J64: =VLOOKUP(G64,AHSP,9,FALSE) -> 1974149
E65: =E64+1 -> 53 | G65: A.4.1.1.12 | H65: =VLOOKUP(G65,AHSP,2,FALSE) -> Membuat 1 m3 beton mutu f’c = 31,2 MPa (K 350), slump (120 ± 20) mm, w/c = 0,48 | I65: m3 | J65: =VLOOKUP(G65,AHSP,9,FALSE) -> 1989002
E66: =E65+1 -> 54 | G66: A.4.1.1.13 | H66: =VLOOKUP(G66,AHSP,2,FALSE) -> Untuk pekerjaan beton pracetak yang bisa diangkat 24 jam diperlukan penambahan bahan tambahan sesuai Tabel berikut: | I66: m3 | J66: =VLOOKUP(G66,AHSP,9,FALSE) -> 2268776
... E90: =E89+1 -> 78 | G90: A.4.1.1.37 | H90: =VLOOKUP(G90,AHSP,2,FALSE) -> Membuat 1 m’ ring balok beton bertulang (10 x 15) cm | I90: m | J90: =VLOOKUP(G90,AHSP,9,FALSE) -> 164308
F92: A.4.1.2 | G92: HARGA SATUAN PEKERJAAN BETON PRACETAK
E93: =E90+1 -> 79 | G93: A.4.1.2.1 | H93: =VLOOKUP(G93,AHSP,2,FALSE) -> (K3) Pembuatan 1 m2 lahan produksi tebal 8cm beton f’c 14,5 Mpa (K 175) slump (120 ± 20) mm | I93: m2 | J93: =VLOOKUP(G93,AHSP,9,FALSE) -> 135769
E94: =E93+1 -> 80 | G94: A.4.1.2.2 | H94: =VLOOKUP(G94,AHSP,2,FALSE) -> (K3) Pembuatan 1 m2 lahan produksi tebal 10 cm beton f’c 14,5 Mpa (K 175) slump (120 ± 20) mm | I94: m2 | J94: =VLOOKUP(G94,AHSP,9,FALSE) -> 169745
E95: =E94+1 -> 81 | G95: A.4.1.2.3 | H95: =VLOOKUP(G95,AHSP,2,FALSE) -> (K3) Pembuatan 1 m2 lahan produksi tebal 12 cm beton f’c 14,5 Mpa (K 175) slump (120 ± 20) mm | I95: m2 | J95: =VLOOKUP(G95,AHSP,9,FALSE) -> 189085
E96: =E95+1 -> 82 | G96: A.4.1.2.4 | H96: =VLOOKUP(G96,AHSP,2,FALSE) -> (K3) Pembuatan 1 m2 lahan produksi tebal 15 cm beton f’c 14,5 Mpa (K 175) slump (120 ± 20) mm | I96: m2 | J96: =VLOOKUP(G96,AHSP,9,FALSE) -> 254617
E97: =E96+1 -> 83 | G97: A.4.1.2.5 | H97: =VLOOKUP(G97,AHSP,2,FALSE) -> Pembuatan 1 m2 bekisting untuk plat beton pracetak ( 5 kali pakai) | I97: m2 | J97: =VLOOKUP(G97,AHSP,9,FALSE) -> 582125
E98: =E97+1 -> 84 | G98: A.4.1.2.6 | H98: =VLOOKUP(G98,AHSP,2,FALSE) -> Pembuatan 1 m2 bekisting untuk balok beton pracetak ( 10-12 kali pakai) | I98: m2 | J98: =VLOOKUP(G98,AHSP,9,FALSE) -> 54993
E99: =E98+1 -> 85 | G99: A.4.1.2.7 | H99: =VLOOKUP(G99,AHSP,2,FALSE) -> Pembuatan 1 m2 bekisting untuk kolom beton pracetak (10-12 kali pakai) | I99: m2 | J99: =VLOOKUP(G99,AHSP,9,FALSE) -> 52999
E100: =E99+1 -> 86 | G100: A.4.1.2.8 | H100: =VLOOKUP(G100,AHSP,2,FALSE) -> Pemasangan dan membuka bekisting 1 buah komponen plat beton pracetak | I100: bh | J100: =VLOOKUP(G100,AHSP,9,FALSE) -> 11192
E101: =E100+1 -> 87 | G101: A.4.1.2.9 | H101: =VLOOKUP(G101,AHSP,2,FALSE) -> Pemasangan dan membuka bekisting 1 buah komponen balok beton pracetak | I101: bh | J101: =VLOOKUP(G101,AHSP,9,FALSE) -> 18122
E102: =E101+1 -> 88 | G102: A.4.1.2.10 | H102: =VLOOKUP(G102,AHSP,2,FALSE) -> Pemasangan dan membuka bekisting 1 buah komponen Kolom beton pracetak | I102: bh | J102: =VLOOKUP(G102,AHSP,9,FALSE) -> 14657
E103: =E102+1 -> 89 | G103: A.4.1.2.11 | H103: =VLOOKUP(G103,AHSP,2,FALSE) -> Penuangan/menebar beton 1 m3 untuk pelat beton pracetak | I103: m3 | J103: =VLOOKUP(G103,AHSP,9,FALSE) -> 90002
E104: =E103+1 -> 90 | G104: A.4.1.2.12 | H104: =VLOOKUP(G104,AHSP,2,FALSE) -> Penuangan/menebar beton 1 m3 untuk balok beton pracetak | I104: m3 | J104: =VLOOKUP(G104,AHSP,9,FALSE) -> 92554
E105: =E104+1 -> 91 | G105: A.4.1.2.13 | H105: =VLOOKUP(G105,AHSP,2,FALSE) -> Penuangan/menebar beton untuk 1 m3 untuk kolom beton pracetak | I105: m3 | J105: =VLOOKUP(G105,AHSP,9,FALSE) -> 83303
... E116: =E115+1 -> 102 | G116: A.4.1.2.24 | H116: =VLOOKUP(G116,AHSP,2,FALSE) -> Upah 1 titik Join dengan Sling | I116: titik | J116: =VLOOKUP(G116,AHSP,9,FALSE) -> 104907
F118: A.4.2.1 | G118: HARGA SATUAN PEKERJAAN BESI DAN ALUMUNIUM
E119: =E116+1 -> 103 | G119: A.4.2.1.1 | H119: =VLOOKUP(G119,AHSP,2,FALSE) -> Pemasangan 1 kg besi profil | I119: kg | J119: =VLOOKUP(G119,AHSP,9,FALSE) -> 44277
E120: =E119+1 -> 104 | G120: A.4.2.1.2 | H120: =VLOOKUP(G120,AHSP,2,FALSE) -> Pemasangan 1 kg rangka kuda-kuda baja IWF | I120: kg | J120: =VLOOKUP(G120,AHSP,9,FALSE) -> 32133
E121: =E120+1 -> 105 | G121: A.4.2.1.3 | H121: =VLOOKUP(G121,AHSP,2,FALSE) -> Pengerjaan 100 kg pekerjaan perakitan | I121: kg | J121: =VLOOKUP(G121,AHSP,9,FALSE) -> 44324
E122: =E121+1 -> 106 | G122: A.4.2.1.4 | H122: =VLOOKUP(G122,AHSP,2,FALSE) -> Pembuatan 1 m2 pintu besi plat baja tebal 2 mm rangkap, rangka baja siku | I122: m2 | J122: =VLOOKUP(G122,AHSP,9,FALSE) -> 1051403
E123: =E122+1 -> 107 | G123: A.4.2.1.5 | H123: =VLOOKUP(G123,AHSP,2,FALSE) -> Pengerjaan 10 cm pengelasan dengan las listrik | I123: 10 cm | J123: =VLOOKUP(G123,AHSP,9,FALSE) -> 65766
E124: =E123+1 -> 108 | G124: A.4.2.1.6 | H124: =VLOOKUP(G124,AHSP,2,FALSE) -> Pembuatan 1 m2 rangka jendela besi scuare tube (25 x 5) cm | I124: m2 | J124: =VLOOKUP(G124,AHSP,9,FALSE) -> 1976831
E125: =E124+1 -> 109 | G125: A.4.2.1.7 | H125: =VLOOKUP(G125,AHSP,2,FALSE) -> Pemasangan 1 m2 pintu rolling door besi | I125: m2 | J125: =VLOOKUP(G125,AHSP,9,FALSE) -> 1130052
E126: =E125+1 -> 110 | G126: A.4.2.1.8 | H126: =VLOOKUP(G126,AHSP,2,FALSE) -> Pemasangan 1 m2 pintu lipat (folding door) bahan plastik/PVC | I126: m2 | J126: =VLOOKUP(G126,AHSP,9,FALSE) -> 838200
E127: =E126+1 -> 111 | G127: A.4.2.1.9 | H127: =VLOOKUP(G127,AHSP,2,FALSE) -> Pemasangan 1 m2 sunscreen alluminium | I127: m2 | J127: =VLOOKUP(G127,AHSP,9,FALSE) -> 480018
E128: =E127+1 -> 112 | G128: A.4.2.1.10 | H128: =VLOOKUP(G128,AHSP,2,FALSE) -> Pemasangan 1 m2 rolling door alluminium | I128: m2 | J128: =VLOOKUP(G128,AHSP,9,FALSE) -> 999240
E129: =E128+1 -> 113 | G129: A.4.2.1.11 | H129: =VLOOKUP(G129,AHSP,2,FALSE) -> Pemasangan 1 m kusen pintu alluminium | I129: m2 | J129: =VLOOKUP(G129,AHSP,9,FALSE) -> 41790
E130: =E129+1 -> 114 | G130: A.4.2.1.12 | H130: =VLOOKUP(G130,AHSP,2,FALSE) -> Pemasangan 1 m2 pintu alluminium strip lebar 8 cm | I130: m2 | J130: =VLOOKUP(G130,AHSP,9,FALSE) -> 589456
E131: =E130+1 -> 115 | G131: A.4.2.1.13 | H131: =VLOOKUP(G131,AHSP,2,FALSE) -> Pemasangan 1 m2 pintu kaca rangka alluminium | I131: m2 | J131: =VLOOKUP(G131,AHSP,9,FALSE) -> 1746426
... E143: =E142+1 -> 127 | G143: A.4.2.1.25 | H143: =VLOOKUP(G143,AHSP,2,FALSE) -> Pemasangan 1 m2 venetians blinds dan vertical blinds | I143: m2 | J143: =VLOOKUP(G143,AHSP,9,FALSE) -> 220368
F145: A.4.4.1 | G145: HARGA SATUAN PEKERJAAN PASANGAN DINDING
E146: =E143+1 -> 128 | G146: A.4.4.1.1 | H146: =VLOOKUP(G146,AHSP,2,FALSE) -> Pemasangan 1m2 dinding bata merah (5x11x22) cm tebal 1 batu dengan mortar tipe m, fc' 17,2 Mpa (setara campuran 1 SP : 2 PP) | I146: m2 | J146: =VLOOKUP(G146,AHSP,9,FALSE) -> 397166
E147: =E146+1 -> 129 | G147: A.4.4.1.2 | H147: =VLOOKUP(G147,AHSP,2,FALSE) -> Pemasangan 1m2 dinding bata merah (5x11x22) cm tebal 1 batu dengan mortar tipe s, fc' 12,5 Mpa (setara campuran 1 SP : 3 PP) | I147: m2 | J147: =VLOOKUP(G147,AHSP,9,FALSE) -> 378416
E148: =E147+1 -> 130 | G148: A.4.4.1.3 | H148: =VLOOKUP(G148,AHSP,2,FALSE) -> Pemasangan 1m2 dinding bata merah (5x11x22) cm tebal 1 batu dengan mortar tipe n, fc' 5,2 Mpa (setara campuran 1 SP : 4 PP) | I148: m2 | J148: =VLOOKUP(G148,AHSP,9,FALSE) -> 365739
E149: =E148+1 -> 131 | G149: A.4.4.1.4 | H149: =VLOOKUP(G149,AHSP,2,FALSE) -> Pemasangan 1m2 dinding bata merah (5x11x22) cm tebal 1 batu dengan mortar tipe o, fc' 2,4 Mpa (setara campuran 1 SP : 5 PP) | I149: m2 | J149: =VLOOKUP(G149,AHSP,9,FALSE) -> 359253
E150: =E149+1 -> 132 | G150: A.4.4.1.5 | H150: =VLOOKUP(G150,AHSP,2,FALSE) -> Pemasangan 1m2 dinding bata merah (5x11x22) cm tebal 1 batu campuran 1 SP : 6 PP | I150: m2 | J150: =VLOOKUP(G150,AHSP,9,FALSE) -> 357179
E151: =E150+1 -> 133 | G151: A.4.4.1.6 | H151: =VLOOKUP(G151,AHSP,2,FALSE) -> Pemasangan 1m2 dinding bata merah (5x11x22) cm tebal 1 batu campuran 1SP : 3KP : 10PP | I151: m2 | J151: =VLOOKUP(G151,AHSP,9,FALSE) -> 345120
E152: =E151+1 -> 134 | G152: A.4.4.1.7 | H152: =VLOOKUP(G152,AHSP,2,FALSE) -> Pemasangan 1m2 Dinding Bata Merah (5x11x22) cm Tebal ½ Batu dengan Mortar tipe m,fc’ 17,2 Mpa ( Setara Campuran 1SP : 2PP) | I152: m2 | J152: =VLOOKUP(G152,AHSP,9,FALSE) -> 192235
E153: =E152+1 -> 135 | G153: A.4.4.1.8 | H153: =VLOOKUP(G153,AHSP,2,FALSE) -> Pemasangan 1m2 Dinding Bata Merah (5x11x22) cm Tebal ½ Batu dengan Mortar tipe s,fc’ 12,5 Mpa (setara campuran 1 SP : 3 PP) | I153: m2 | J153: =VLOOKUP(G153,AHSP,9,FALSE) -> 183321
E154: =E153+1 -> 136 | G154: A.4.4.1.9 | H154: =VLOOKUP(G154,AHSP,2,FALSE) -> Pemasangan 1m2 Dinding Bata Merah (5x11x22) cm Tebal ½ Batu dengan Mortar tipe n,fc’ 5,2 Mpa (setara campuran 1 SP : 4 PP) | I154: m2 | J154: =VLOOKUP(G154,AHSP,9,FALSE) -> 178223
E155: =E154+1 -> 137 | G155: A.4.4.1.10 | H155: =VLOOKUP(G155,AHSP,2,FALSE) -> Pemasangan 1m2 Dinding Bata Merah (5x11x22) cm Tebal ½ Batu dengan Mortar tipe o,fc’ fc' 2,4 Mpa (setara campuran 1 SP : 5 PP) | I155: m2 | J155: =VLOOKUP(G155,AHSP,9,FALSE) -> 175016
...

Sheet BAHAN
E2: HARGA BAHAN
E4: No. | F4: HARGA BAHAN | J4: Satuan | K4: Harga Satuan | L4: Keterangan
E6: 1 | F6: Air | J6: Liter | K6: 75
E7: =E6+1 -> 2 | F7: Air Kerja | J7: Liter | K7: 75
E8: =E7+1 -> 3 | F8: Air test (air bersih) | J8: m3 | K8: 35000
E9: =E8+1 -> 4 | F9: Air Bersih / PDAM | J9: Liter | K9: 3500
E10: =E9+1 -> 5 | F10: Akustik 60 x 120 | J10: Lembar | K10: 157440
E11: =E10+1 -> 6 | F11: Akustik ukuran 30 x 30 cm | J11: Lembar | K11: 42700
E12: =E11+1 -> 7 | F12: Akustik ukuran 30 x 60 cm | J12: Lembar | K12: 65450
E13: =E12+1 -> 8 | F13: Alang-alang | J13: Ikat | K13: 680
E14: =E13+1 -> 9 | F14: Aluminium Composite Panel | J14: Lbr | K14: 384810
E15: =E14+1 -> 10 | F15: Aluminium strip | J15: m | K15: 28930
E16: =E15+1 -> 11 | F16: Alumunium foil | J16: M2 | K16: 32890
E17: =E16+1 -> 12 | F17: Alumunium gel tbl 0,55 | J17: Lbr | K17: 171100
E18: =E17+1 -> 13 | F18: Ampelas | J18: Lbr | K18: 8260
... E28: =E27+1 -> 23 | F28: Bak fibreglass | J28: Unit | K28: 393600
A29: www.rabotomatis.com | E29: =E28+1 -> 24 | F29: Balok kayu kelas I | J29: m3 | K29: 6500000
E30: =E29+1 -> 25 | F30: Balok kayu kelas II | J30: m3 | K30: 4410000
E31: =E30+1 -> 26 | F31: Balok kayu, 6 x 12 | J31: m3 | K31: 5715000
E32: =E31+1 -> 27 | F32: Bambu diameter 6 - 8 / 600 cm | J32: Batang | K32: 22140
E33: =E32+1 -> 28 | F33: Bata ringan tebal 7,5 cm | J33: bh | K33: 9000
E34: =E33+1 -> 29 | F34: Bata berongga | J34: bh | K34: 1820
E35: =E34+1 -> 30 | F35: Bata merah | J35: Bh | K35: 1040
E36: =E35+1 -> 31 | F36: Bata pelapis Dinding 3cm x 7cm x 24cm | J36: Bh | K36: 840
E37: =E36+1 -> 32 | F37: Bata rooster | J37: Bh | K37: 860
E38: =E37+1 -> 33 | F38: Bathcuip | J38: Unit | K38: 3355000
E39: =E38+1 -> 34 | F39: Batu belah | J39: m3 | K39: 421500
E40: =E39+1 -> 35 | F40: Batu gunung | J40: m3 | K40: 421500
E41: =E40+1 -> 36 | F41: Batu granit | J41: Kg | K41: 18750
... E125: =E124+1 -> 120 | F125: Kayu 5/7 | J125: m3 | K125: 6765000
E126: =E125+1 -> 121 | F126: Kayu balok 5/7 | J126: m3 | K126: =K125 -> 6765000
E127: =E126+1 -> 122 | F127: Kayu balok 5/7 kelas III | J127: m3 | K127: 2646000
E128: =E127+1 -> 123 | F128: Kayu balok borneo | J128: M3 | K128: 4375000
E129: =E128+1 -> 124 | F129: Kayu bekisting | J129: M2 | K129: 1500000
E130: =E129+1 -> 125 | F130: Kayu kaso 5/7 | J130: m3 | K130: 4375000
E131: =E130+1 -> 126 | F131: Kayu kelas II | J131: m3 | K131: 5500000
E132: =E131+1 -> 127 | F132: Kayu kelas II balok | J132: M3 | K132: 5500000
E133: =E132+1 -> 128 | F133: Kayu kelas III | J133: m3 | K133: 4500000
E134: =E133+1 -> 129 | F134: Kayu kelas III (papan) | J134: m3 | K134: 4500000
E135: =E134+1 -> 130 | F135: Kayu papan | J135: m3 | K135: 4500000
E136: =E135+1 -> 131 | F136: Kayu papan 3/20 | J136: m3 | K136: 4165000
E137: =E136+1 -> 132 | F137: Kayu Papan kelas I | J137: M3 | K137: 7407750
E138: =E137+1 -> 133 | F138: Kayu Papan kelas II | J138: m3 | K138: 4305000
... E140: =E139+1 -> 135 | F140: Kayu Ulin 10x10 | J140: m3 | K140: 6765000
E141: =E140+1 -> 136 | F141: Kalang dan sunduk | J141: m3 | K141: =K140 -> 6765000
E142: =E141+1 -> 137 | F142: keramik artistik 10cm x 10cm atau 5cm x 20cm | J142: Bh | K142: 1900
E143: =E142+1 -> 138 | F143: keramik artistik 10cm x 20cm | J143: Bh | K143: 1900
E144: =E143+1 -> 139 | F144: keramik Dinding 10cm x 20cm | J144: Bh | K144: 2200
E145: =E144+1 -> 140 | F145: keramik Dinding 20cm x 20cm | J145: Bh | K145: 4200
E146: =E145+1 -> 141 | F146: Keramik Dinding artistik | J146: Bh | K146: 1900
E147: =E146+1 -> 142 | F147: keramik Dinding artistik 5cm x 20cm | J147: Bh | K147: 2200
E148: =E147+1 -> 143 | F148: Keramik mozaik ukuran 30cm x 30cm | J148: Bh | K148: 13560
E149: =E148+1 -> 144 | F149: Keramik ukuran 20cm x 20cm | J149: Bh | K149: 5000
E150: =E149+1 -> 145 | F150: keramik ukuran 30cm x 30cm | J150: Bh | K150: 7500
E151: =E150+1 -> 146 | F151: keramik ukuran 33cm x 33cm | J151: Bh | K151: 9000
E152: =E151+1 -> 147 | F152: Kerikil m3 | J152: m3 | K152: 600000
E153: =E152+1 -> 148 | F153: Kerikil kg | J153: kg | K153: =K152/1350 -> 444.44444
E154: =E153+1 -> 149 | F154: Kerikil (Maks 30 mm) m3 | J154: m3 | K154: 600000
E155: =E154+1 -> 150 | F155: Kerikil (Maks 30 mm) kg | J155: kg | K155: =K154/1350 -> 444.44444
E156: =E155+1 -> 151 | F156: Klem Pipa | J156: bh | K156: 1860
E157: =E156+1 -> 152 | F157: Klem Pipa Listrik | J157: bh | K157: 940
E158: =E157+1 -> 153 | F158: Kolom Benton Pracetak | J158: Batang | K158: 237890
E159: =E158+1 -> 154 | F159: Koral | J159: m3 | K159: 600000
E160: =E159+1 -> 155 | F160: Koral beton | J160: m3 | K160: 600000
E161: =E160+1 -> 156 | F161: Kran air | J161: M | K161: 31500
E162: =E161+1 -> 157 | F162: Kuas | J162: Bh | K162: 20740
E163: =E162+1 -> 158 | F163: Kunci lemari | J163: Set | K163: 15120
E164: =E163+1 -> 159 | F164: Kunci silinder | J164: Bh | K164: 87750
E165: =E164+1 -> 160 | F165: Kunci slot | J165: Bh | K165: 62500
E166: =E165+1 -> 161 | F166: Kunci tanam | J166: Bh | K166: 130000
E167: =E166+1 -> 162 | F167: Kunci tanam antik | J167: Bh | K167: 315000
... E197: =E196+1 -> 192 | F197: Paku 2”-3” | J197: Kg | K197: 27970
E198: =E197+1 -> 193 | F198: Paku 5 - 10 cm | J198: kg | K198: =K197 -> 27970
E199: =E198+1 -> 194 | F199: Paku 5 - 12 cm | J199: kg | K199: =K197 -> 27970
E200: =E199+1 -> 195 | F200: Paku biasa | J200: Kg | K200: =K197 -> 27970
E201: =E200+1 -> 196 | F201: Paku biasa ½”-1” | J201: Kg | K201: 27730
E202: =E201+1 -> 197 | F202: Paku biasa 2” - 5” | J202: Kg | K202: 27500
E203: =E202+1 -> 198 | F203: Paku hak panj 15cm | J203: Kg | K203: 13860
E204: =E203+1 -> 199 | F204: Paku pancing 6x23 | J204: Kg | K204: 14760
E205: =E204+1 -> 200 | F205: Paku skrup | J205: buah | K205: 840
E206: =E205+1 -> 201 | F206: Paku tripleks | J206: kg | K206: 22140
E207: =E206+1 -> 202 | F207: Panel Beton Pracetak | J207: Lbr | K207: 178500
E208: =E207+1 -> 203 | F208: Parquet kayu | J208: m2 | K208: 16660
E209: =E208+1 -> 204 | F209: Parquet kayu gymfloor | J209: m2 | K209: 365400
E210: =E209+1 -> 205 | F210: Pasir beton m3 | J210: m3 | K210: 350000
E211: =E210+1 -> 206 | F211: Pasir beton kg | J211: kg | K211: =K210/1400 -> 250
E212: =E211+1 -> 207 | F212: Pasir pasang | J212: m3 | K212: 253510
E213: =E212+1 -> 208 | F213: Pasir urug | J213: M3 | K213: 300990
E214: =E213+1 -> 209 | F214: Paving block 8 cm berwarna | J214: M2 | K214: 139700
E215: =E214+1 -> 210 | F215: Paving block 6 cm | J215: M2 | K215: 155250
E216: =E215+1 -> 211 | F216: Paving block 6cm berwarna | J216: M2 | K216: 165100
E217: =E216+1 -> 212 | F217: Paving block 8 cm natural | J217: M2 | K217: 3900
E218: =E217+1 -> 213 | F218: Pengeboran | J218: M' | K218: 300000
E219: =E218+1 -> 214 | F219: Pengelasan | J219: cm | K219: 5490
E220: =E219+1 -> 215 | F220: Pengencer | J220: Kg | K220: 42000
E221: =E220+1 -> 216 | F221: Penjaga jarak bekisting / spacer | J221: Buah | K221: 25000
E222: =E221+1 -> 217 | F222: Perancah kayu | J222: m3 | K222: 1633500
E223: =E222+1 -> 218 | F223: Phenol film 12mm | J223: Lbr | K223: 255000
... E226: =E225+1 -> 221 | F226: Pintu lipat | J226: m2 | K226: 630000
E227: =E226+1 -> 222 | F227: Pipa Baja Ø 100 mm | J227: m
...

Sheet UPAH
E2: UPAH PEKERJA
E4: No. | F4: Tenaga Kerja | K4: Kode | L4: Satuan | M4: Harga Satuan (Rp.) | O4: Keterangan | Q4: Jam Kerja Eff. | R4: 8
E6: 1 | G6: Pekerja | K6: L.01 | L6: OH | M6: =TRUNC(N6/$R$4,-2) -> 15600 | N6: 125000
E7: =E6+1 -> 2 | G7: Pekerja Anyam | K7: L.01 | L7: OH | M7: =TRUNC(N7/$R$4,-2) -> 15600 | N7: 125000
E8: =E7+1 -> 3 | G8: Pekerja Pengisi Batu | K8: L.01 | L8: OH | M8: =TRUNC(N8/$R$4,-2) -> 15600 | N8: 125000
E9: =E8+1 -> 4 | G9: Tukang | K9: L.02 | L9: OH | M9: =TRUNC(N9/$R$4,-2) -> 18700 | N9: 150000
E10: =E9+1 -> 5 | G10: Tukang Gali | K10: L.02 | L10: OH | M10: =TRUNC(N10/$R$4,-2) -> 15600 | N10: =$N$6 -> 125000
E11: =E10+1 -> 6 | G11: Tukang Batu | K11: L.02 | L11: OH | M11: =TRUNC(N11/$R$4,-2) -> 18700 | N11: =$N$9 -> 150000
E12: =E11+1 -> 7 | G12: Tukang Kayu | K12: L.02 | L12: OH | M12: =TRUNC(N12/$R$4,-2) -> 18700 | N12: =$N$9 -> 150000
E13: =E12+1 -> 8 | G13: Tukang Besi | K13: L.02 | L13: OH | M13: =TRUNC(N13/$R$4,-2) -> 18700 | N13: =$N$9 -> 150000
E14: =E13+1 -> 9 | G14: Tukang Besi Konstruksi | K14: L.02 | L14: OH | M14: =TRUNC(N14/$R$4,-2) -> 18700 | N14: =$N$9 -> 150000
E15: =E14+1 -> 10 | G15: Tukang Alumunium | K15: L.02 | L15: OH | M15: =TRUNC(N15/$R$4,-2) -> 18700 | N15: =$N$9 -> 150000
E16: =E15+1 -> 11 | G16: Tukang Cat | K16: L.02 | L16: OH | M16: =TRUNC(N16/$R$4,-2) -> 18700 | N16: =$N$9 -> 150000
E17: =E16+1 -> 12 | G17: Tukang Pipa | K17: L.02 | L17: OH | M17: =TRUNC(N17/$R$4,-2) -> 18700 | N17: =$N$9 -> 150000
E18: =E17+1 -> 13 | G18: Tukang Pengayam Bronjong | K18: L.02 | L18: OH | M18: =TRUNC(N18/$R$4,-2) -> 18700 | N18: =$N$9 -> 150000
E19: =E18+1 -> 14 | G19: Tukang Tebas | K19: L.02 | L19: OH | M19: =TRUNC(N19/$R$4,-2) -> 15600 | N19: =$N$6 -> 125000
E20: =E19+1 -> 15 | G20: Tukang Vibrator | K20: L.02 | L20: OH | M20: =TRUNC(N20/$R$4,-2) -> 18700 | N20: =$N$9 -> 150000
E21: =E20+1 -> 16 | G21: Tukang Ereksi | K21: L.02 | L21: OH | M21: =TRUNC(N21/$R$4,-2) -> 18700 | N21: =$N$9 -> 150000
E22: =E21+1 -> 17 | G22: Tukang Las | K22: L.02 | L22: OH | M22: =TRUNC(N22/$R$4,-2) -> 18700 | N22: =$N$9 -> 150000
E23: =E22+1 -> 18 | G23: Tukang Las Konstruksi | K23: L.02 | L23: OH | M23: =TRUNC(N23/$R$4,-2) -> 18700 | N23: =$N$9 -> 150000
E24: =E23+1 -> 19 | G24: Kepala Tukang | K24: L.03 | L24: OH | M24: =TRUNC(N24/$R$4,-2) -> 20600 | N24: =N9+15000 -> 165000
E25: =E24+1 -> 20 | G25: Mandor | K25: L.04 | L25: OH | M25: =TRUNC(N25/$R$4,-2) -> 21200 | N25: =N9+20000 -> 170000
E26: =E25+1 -> 21 | G26: Juru Ukur | K26: L.05 | L26: OH | M26: =TRUNC(N26/$R$4,-2) -> 20600 | N26: =$N$9*1.1 -> 165000
E27: =E26+1 -> 22 | G27: Pembantu Juru Ukur | K27: L.06 | L27: OH | M27: =TRUNC(N27/$R$4,-2) -> 20600 | N27: =$N$9*1.1 -> 165000
E28: =E27+1 -> 23 | G28: Ahli Alat Berat ( Mekanik ) | K28: L.07 | L28: OH | M28: =TRUNC(N28/$R$4,-2) -> 20600 | N28: =$N$9*1.1 -> 165000
A29: www.rabotomatis.com | E29: =E28+1 -> 24 | G29: Operator Alat Berat | K29: L.08 | L29: OH | M29: =TRUNC(N29/$R$4,-2) -> 20600 | N29: =$N$24 -> 165000
E30: =E29+1 -> 25 | G30: Pembantu Operator | K30: L.09 | L30: OH | M30: =TRUNC(N30/$R$4,-2) -> 18500 | N30: =$N$29*0.9 -> 148500
E31: =E30+1 -> 26 | G31: Operator Alat Pipa | K31: L.08 | L31: OH | M31: =TRUNC(N31/$R$4,-2) -> 20600 | N31: =$N$24 -> 165000
E32: =E31+1 -> 27 | G32: Sopir Truck | K32: L.10 | L32: OH | M32: =TRUNC(N32/$R$4,-2) -> 20600 | N32: =$N$9*1.1 -> 165000
E33: =E32+1 -> 28 | G33: Kenek Truk | K33: L.11 | L33: OH | M33: =TRUNC(N33/$R$4,-2) -> 20600 | N33: =$N$9*1.1 -> 165000
E34: =E33+1 -> 29 | G34: Penjaga Malam | K34: L.12 | L34: OH | M34: =TRUNC(N34/$R$4,-2) -> 20600 | N34: =$N$9*1.1 -> 165000
E35: =E34+1 -> 30 | G35: Juru Gambar (Drafter) | K35: L.13 | L35: OH | M35: =TRUNC(N35/$R$4,-2) -> 20600 | N35: =$N$9*1.1 -> 165000
E36: =E35+1 -> 31 | G36: Design Engineer | K36: L.15 | L36: OH | M36: =TRUNC(N36/$R$4,-2) -> 20600 | N36: =$N$9*1.1 -> 165000
E37: =E36+1 -> 32 | G37: Operator Printer/Plotter | K37: L.16 | L37: OH | M37: =TRUNC(N37/$R$4,-2) -> 20600 | N37: =$N$9*1.1 -> 165000
E38: =E37+1 -> 33 | G38: Operator crane | K38: L.08 | L38: OH | M38: =TRUNC(N38/$R$4,-2) -> 20600 | N38: =$N$24 -> 165000
E39: =E38+1 -> 34 | G39: Pembantu operator crane | K39: L.09 | L39: OH | M39: =TRUNC(N39/$R$4,-2) -> 18500 | N39: =$N$38*0.9 -> 148500
E40: =E39+1 -> 35 | G40: Bor Master | L40: OH | M40: =TRUNC(N40/$R$4,-2) -> 31200 | N40: 250000
E41: =E40+1 -> 36 | G41: Operator Mesin Bor | L41: OH | M41: =TRUNC(N41/$R$4,-2) -> 11400 | N41: 91700

Sheet HITUNG VOLUME
E2: HITUNG VOLUME PEKERJAAN
Q5: I. PEKERJAAN PERSIAPAN
Q7: 1 | R7: Pembersihan Lahan | S7: p | T7: l | U7: t | V7: Jumlah | W7: Satuan | Y7: Jumlah
R8: Luas Lahan | S8: =I22 -> 20 | T8: =I23 -> 10 | W8: m2 | Y8: =S8*T8 -> 200
Q10: 2 | R10: Pemasangan Bouwplank | S10: p | T10: l | U10: t | V10: Jumlah | W10: Satuan | Y10: Volume
R11: Ukuran bangunan | S11: =N22 -> 8 | T11: =N23 -> 6 | V11: 2 | W11: m2 | Y11: =S11*T11 -> 48
Q13: 3 | R13: Penyediaan Air Kerja | V13: Jumlah | W13: Satuan | Y13: Volume
V14: 1 | W14: Ls | Y14: =V14 -> 1
Q16: 4 | R16: Administrasi & Dokumentasi | V16: Jumlah | W16: Satuan | Y16: Volume
V17: 1 | W17: Ls | Y17: =V17 -> 1
A21: www.rabotomatis.com | F21: Luas Lahan | K21: Luas Bangunan
F22: Panjang | I22: 20 | K22: Panjang | N22: 8
F23: Lebar | I23: 10 | K23: Lebar | N23: 6
Q26: II. PEKERJAAN GALIAN & URUGAN
H27: 1.2
Q28: 1 | R28: Galian Tanah Pondasi | S28: p | T28: lb atas | U28: lb bawah | V28: t | W28: Satuan | Y28: Jumlah
L29: Galian Type 1 | R29: Galian Tanah Type 1 | S29: =L43 -> 22 | T29: =H27 -> 1.2 | U29: =H33 -> 0.9 | V29: =L30 -> 0.65 | W29: m3 | Y29: =(((T29+U29)/2)*V29)*S29 -> 15.015
L30: 0.65 | R30: Galian Tanah Type 2 | S30: =L44 -> 23 | T30: =H35 -> 1.2 | U30: =H41 -> 0.9 | V30: =L38 -> 0.65 | W30: m3 | Y30: =(((T30+U30)/2)*V30)*S30 -> 15.6975
Y31: =SUM(Y29:Y30) -> 30.7125
H33: 0.9
H35: 1.2
L37: Galian Type 2
L38: 0.65
H41: 0.9
F43: Panjang Galian Type 1 | L43: 22
F44: Panjang Galian Type 2 | L44: 23
Q46: 2 | R46: Urugan Tanah Kembali | S46: p | T46: l | U46: t | W46: Satuan | Y46: Jumlah
L47: Urugan Tanah | R47: Urugan Tanah Samping Pondasi (1/4 Galian Tanah) | S47: - | T47: - | U47: - | W47: m3 | Y47: =(Y29+Y30)*0.25 -> 7.678125
L48: Samping Pondasi | R48: Urugan Bawah Lantai | S48: =S11 -> 8 | T48: =T11 -> 6 | U48: =L49 -> 0.4 | W48: m3 | Y48: =S48*T48*U48 -> 19.2
L49: 0.4 | Y49: =SUM(Y47:Y48) -> 26.878125
Q54: 3 | R54: Urugan Pasir Dibawah Pondasi | S54: p | T54: l | U54: t | W54: Satuan | Y54: Jumlah
S55: =S29+S30 -> 45 | T55: =H60 -> 0.9 | U55: =L58 -> 0.05 | W55: m3 | Y55: =S55*T55*U55 -> 2.025
L56: Urugan Pasir
L57: Bawah Pondasi
L58: 0.05
H60: 0.9
Q62: 4 | R62: Urugan Pasir Dibawah Lantai | S62: p | T62: l | U62: t | W62: Satuan | Y62: Jumlah
F63: Tinggi urugan pasir bawah lantai | O63: 0.1 | S63: =S11 -> 8 | T63: =T11 -> 6 | U63: =O63 -> 0.1 | W63: m3 | Y63: =S63*T63*U63 -> 4.8
Q66: III. PEKERJAAN PASANGAN & PLESTERAN
L68: Batu Kosong/ | Q68: 1 | R68: Pasangan Batu Kosong/Aanstamping | S68: p | T68: l | U68: t | W68: Satuan | Y68: Jumlah
L69: Aanstamping | R69: Batu Kosong/Aanstamping | S69: =S29+S30 -> 45 | T69: =H73 -> 0.9 | U69: =L71 -> 0.15 | W69: m3 | Y69: =S69*T69*U69 -> 6.075
Y70: =Y69 -> 6.075
L71: 0.15
H73: 0.9
Q75: 2 | R75: Pasangan Pondasi Batu Gunung | S75: p | T75: lb bawah | U75: lb atas | V75: t | W75: Satuan | Y75: Jumlah
H76: 0.3 | R76: Pondasi Batu Gunung Type 1 | S76: =S29 -> 22 | T76: =H84 -> 0.7 | U76: =H76 -> 0.3 | V76: =K80 -> 0.8 | W76: m3 | Y76: =(((T76+U76)/2)*V76)*S76 -> 8.8
R77: Pondasi Batu Gunung Type 2 | S77: =S30 -> 23 | T77: =H95 -> 0.7 | U77: =H86 -> 0.3 | V77: =L90 -> 0.8 | W77: m3 | Y77: =(((T77+U77)/2)*V77)*S77 -> 9.2
K78: Pondasi Batu Gunung | Y78: =SUM(Y76:Y77) -> 18
K79: Type 1
K80: 0.8
H84: 0.7
H86: 0.3
K88: Pondasi Batu Gunung
K89: Type 2
L90: 0.8
H95: 0.7
Q97: 3 | R97: Pasangan Batu Bata | S97: x | T97: y | U97: t | W97: Satuan | Y97: Jumlah
I98: Dinding (x) | R98: Luas Dinding | S98: =K115+L115+M115+N115 -> 19.8 | T98: =K116+L116+M116+N116 -> 25.5 | U98: =K118 -> 3.4 | W98: m2 | Y98: =S98*U98 -> 67.32
R99: Dinding Kerucut Atap | W99: m2 | Y99: =K117+L117 -> 13.75
R100: Pintu & Jendela (Faktor Pengurang) | W100: m2 | Y100: =Y120 -> 8.97
Y101: =Y98+Y99-Y100 -> 72.1
Q103: 4 | R103: Plesteran Dinding | S103: p | T103: l | U103: t | V103: v | W103: Satuan | Y103: Jumlah
O104: Dinding | R104: Pasangan Dinding x2 (dikali 2) | S104: - | T104: - | U104: - | V104: =Y101 -> 72.1 | W104: m2 | Y104: =V104*2 -> 144.2
O105: (y) | R105: Pintu & Jendela (Faktor Pengurang) | Y105: =Y120 -> 8.97
Y106: =Y104-Y105 -> 135.23
Q108: 5 | R108: Acian Dinding | S108: p | T108: l | U108: t | V108: v | W108: Satuan | Y108: Jumlah
R109: Pasangan Dinding x2 (dikali 2) | S109: - | T109: - | U109: - | V109: =Y101 -> 72.1 | W109: m2 | Y109: =V109*2 -> 144.2
R110: Pintu & Jendela (Faktor Pengurang) | Y110: =Y120 -> 8.97
Y111: =Y109-Y110 -> 135.23
R113: Pintu & Jendela (Faktor Pengurang) | S113: p | T113: l | U113: t | W113: Satuan | Y113: Jumlah
R114: Pintu Depan | S114: 0.9 | T114: 2.1 | W114: m2 | Y114: =S114*T114 -> 1.89
F115: Dinding (x) | K115: 6 | L115: 6 | M115: 6 | N115: 1.8 | R115: Jendela Depan 1 | S115: 1 | T115: 1.2 | Y115: =S115*T115 -> 1.2
F116: Dinding (y) | K116: 9 | L116: =8-1.8 -> 6.2 | M116: 8.5 | N116: 1.8 | R116: Jendela Depan 2 | S116: 0.7 | T116: 1.2 | Y116: =S116*T116 -> 0.84
F117: Dinding Kerucut (atap) | K117: =(0.5*5*1.36) -> 3.4 | L117: =(0.5*9*2.3) -> 10.35 | R117: Pintu Kamar 1 | S117: 0.8 | T117: 2.1 | Y117: =S117*T117 -> 1.68
F118: Tinggi Dinding | K118: 3.4 | R118: Pintu Kamar 2 | S118: 0.8 | T118: 2.1 | Y118: =S118*T118 -> 1.68
R119: Pintu Kamar Mandi | S119: 0.8 | T119: 2.1 | Y119: =S119*T119 -> 1.68
Y120: =SUM(Y114:Y119) -> 8.97
Q123: IV. PEKERJAAN BETON
E125: 1. | F125: Sloof 20 x 25 | Q125: 1 | R125: Cor Beton Sloof 20x25 cm
F126: Jumlah Besi Utama Diameter 8mm | N126: 8 | Q126: 1.1 | R126: Pembesian
F127: Jarak Sengkang | N127: 0.2 | R127: Besi Utama dia. 8 mm | S127: =N126 -> 8 | T127: bh
R128: Panjang Sloof | S128: =S29+S30 -> 45 | T128: m'
J129: 0.2 | R129: Panjang totol besi utama | S129: =S128*S127 -> 360 | T129: m'
R130: Kebutuhan besi (batang) | S130: =S129/J143 -> 30 | T130: m'
R131: Kebutuhan Besi (kg) | S131: =S130*M143 -> 142.2 | T131: kg
R133: Besi Sengkang (Begel) dia. 6 mm | S133: b | T133: h | U133: over | V133: Jarak | W133: p. sloof | Y133: Jumlah
O134: 0.25 | R134: Panjang Sengkang | S134: =2*O134 -> 0.5 | T134: =2*J129 -> 0.4 | U134: 0.05 | V134: =N127 -> 0.2 | W134: =S128 -> 45 | Y134: =(U134+T134+S134)*(W134/V134) -> 213.75
R135: Kebutuhan besi (batang) | S135: =Y134/J142 -> 17.8125 | T135: batang
R136: Kebutuhan Besi (kg) | S136: =S135*M142 -> 47.38125 | T136: kg
R138: Volume Total Pembesian Sloof 20x25 (Kg) | Y138: =S131+S136 -> 189.58125
Q140: 1.2 | R140: Bekisting | S140: p | T140: t | U140: 2 sisi | Y140: Jumlah
J141: Panjang | M141: Berat | R141: Volume Bekisting | S141: =S128 -> 45 | T141: =O134 -> 0.25 | U141: 2 | Y141: =S141*T141*U141 -> 22.5
F142: Besi 6 | J142: 12 | M142: 2.66
F143: Besi 8 | J143: 12 | M143: 4.74 | Q143: 1.3 | R143: Volume Beton | S143: b | T143: h | U143: p | Y143: Jumlah
F144: Besi 10 | J144: 12 | M144: 7.4 | S144: =O134 -> 0.25 | T144: =J129 -> 0.2 | U144: =S128 -> 45 | Y144: =S144*T144*U144 -> 2.25
E146: 2. | F146: Kolom Praktis 15x15 | Q146: 2 | R146: Cor Kolom Praktis 15x15 cm
F147: Jumlah Besi Utama Diameter 8mm | N147: 4 | Q147: 2.1 | R147: Pembesian
F148: Jarak Sengkang | N148: 0.2 | R148: Besi Utama dia. 8 mm | S148: =N147 -> 4 | T148: bh
F149: Tinggi Kolom | N149: 3.4 | R149: Tinggi Kolom | S149: =N149 -> 3.4 | T149: m'
F150: Jumlah Kolom | N150: 20 | R150: Panjang totol besi utama | S150: =S149*S148 -> 13.6 | T150: m'
...

Sheet HITUNG RAB
E2: HITUNG RAB (Rencana Anggaran Biaya)
E4: No | F4: Item Pekerjaan | G4: Uraian Pekerjaan & Spesifikasi | H4: Kode Analisa | I4: Satuan | J4: Volume | K4: Harga (Rp)
K5: Satuan (Rp) | L5: Jumlah (Rp)
E6: 1 | F6: 2 | G6: 3 | H6: 4 | I6: 5 | J6: 6 | K6: 7 | L6: 8 = 7x6
E7: I | F7: PEKERJAAN PERSIAPAN
E8: 1 | F8: Pembersihan Lahan | G8: Pembersihan 1 m2 dan peralatan lapangan | H8: =IFERROR(INDEX(HSP!$G$7:$G$460,MATCH('HITUNG RAB'!G8,HSP!$H$7:$H$460,0)), "Isi Spesifikasi") -> A.1.1.1.8 | I8: M² | J8: =VLOOKUP(F8,RekapVolume,3,FALSE) -> 200 | K8: =IFERROR(VLOOKUP(H8,HSP!$G$7:$J$460,4,0),"No Data") -> 23100 | L8: =IFERROR(J8*K8, "No Data") -> 4620000
E9: 2 | F9: Pemasangan Bouwplank | G9: Pengukuran dan pemasangan 1 m’ Bouwplank | H9: =IFERROR(INDEX(HSP!$G$7:$G$460,MATCH('HITUNG RAB'!G9,HSP!$H$7:$H$460,0)), "Isi Spesifikasi") -> A.1.1.1.4 | I9: M¹ | J9: =VLOOKUP(F9,RekapVolume,3,FALSE) -> 48 | K9: =IFERROR(VLOOKUP(H9,HSP!$G$7:$J$460,4,0),"No Data") -> 92990 | L9: =IFERROR(J9*K9, "No Data") -> 4463520
E10: 3 | F10: Penyediaan Air Kerja | G10: Langsam | H10: - | I10: LS | J10: =VLOOKUP(F10,RekapVolume,3,FALSE) -> 1 | K10: 500000 | L10: =IFERROR(J10*K10, "No Data") -> 500000
E11: 4 | F11: Administrasi & Dokumentasi | G11: Langsam | H11: - | I11: LS | J11: =VLOOKUP(F11,RekapVolume,3,FALSE) -> 1 | K11: 500000 | L11: =IFERROR(J11*K11, "No Data") -> 500000
K13: Jumlah I | L13: =SUM(L8:L11) -> 10083520
E14: II | F14: PEKERJAAN GALIAN TANAH & URUGAN
E15: 1 | F15: Galian Tanah Pondasi | G15: Penggalian 1 m3 tanah keras sedalam s.d. 1 m | H15: =IFERROR(INDEX(HSP!$G$7:$G$460,MATCH('HITUNG RAB'!G15,HSP!$H$7:$H$460,0)), "Isi Spesifikasi") -> A.1.5.1.4 | I15: M³ | J15: =VLOOKUP(F15,RekapVolume,3,FALSE) -> 30.7125 | K15: =IFERROR(VLOOKUP(H15,HSP!$G$7:$J$460,4,0),"No Data") -> 143484 | L15: =IFERROR(J15*K15, "No Data") -> 4406752.4
E16: 2 | F16: Urugan Tanah Kembali | G16: Pengurugan kembali 1 m3 galian tanah Tanah Biasa Sedalam 1 M | H16: =IFERROR(INDEX(HSP!$G$7:$G$460,MATCH('HITUNG RAB'!G16,HSP!$H$7:$H$460,0)), "Isi Spesifikasi") -> A.1.5.1.9 | I16: M³ | J16: =VLOOKUP(F16,RekapVolume,3,FALSE) -> 26.878125 | K16: =IFERROR(VLOOKUP(H16,HSP!$G$7:$J$460,4,0),"No Data") -> 39050 | L16: =IFERROR(J16*K16, "No Data") -> 1049590.8
E17: 3 | F17: Urugan Pasir Dibawah Pondasi | G17: Pengurugan 1 m3 dengan pasir urug | H17: =IFERROR(INDEX(HSP!$G$7:$G$460,MATCH('HITUNG RAB'!G17,HSP!$H$7:$H$460,0)), "Isi Spesifikasi") -> A.1.5.1.11 | I17: M³ | J17: =VLOOKUP(F17,RekapVolume,3,FALSE) -> 2.025 | K17: =IFERROR(VLOOKUP(H17,HSP!$G$7:$J$460,4,0),"No Data") -> 440426 | L17: =IFERROR(J17*K17, "No Data") -> 891862.65
E18: 4 | F18: Urugan Pasir Dibawah Lantai | G18: Pengurugan 1 m3 dengan pasir urug | H18: =IFERROR(INDEX(HSP!$G$7:$G$460,MATCH('HITUNG RAB'!G18,HSP!$H$7:$H$460,0)), "Isi Spesifikasi") -> A.1.5.1.11 | I18: M³ | J18: =VLOOKUP(F18,RekapVolume,3,FALSE) -> 4.8 | K18: =IFERROR(VLOOKUP(H18,HSP!$G$7:$J$460,4,0),"No Data") -> 440426 | L18: =IFERROR(J18*K18, "No Data") -> 2114044.8
K20: Jumlah II | L20: =SUM(L15:L18) -> 8462250.6
A21: www.rabotomatis.com | E21: III | F21: PEKERJAAN PASANGAN & PLESTERAN
E22: 1 | F22: Pasangan Batu Kosong/Aanstamping | G22: Pemasangan 1 m3 batu kosong (anstamping) | H22: =IFERROR(INDEX(HSP!$G$7:$G$460,MATCH('HITUNG RAB'!G22,HSP!$H$7:$H$460,0)), "Isi Spesifikasi") -> A.3.1.1.9 | I22: M³ | J22: =VLOOKUP(F22,RekapVolume,3,FALSE) -> 6.075 | K22: =IFERROR(VLOOKUP(H22,HSP!$G$7:$J$460,4,0),"No Data") -> 885381 | L22: =IFERROR(J22*K22, "No Data") -> 5378689.6
E23: 2 | F23: Pasangan Pondasi Batu Gunung | G23: Pemasangan 1 m3 pondasi batu belah campuran 1SP : 3PP | H23: =IFERROR(INDEX(HSP!$G$7:$G$460,MATCH('HITUNG RAB'!G23,HSP!$H$7:$H$460,0)), "Isi Spesifikasi") -> A.3.1.1.1 | I23: M³ | J23: =VLOOKUP(F23,RekapVolume,3,FALSE) -> 18 | K23: =IFERROR(VLOOKUP(H23,HSP!$G$7:$J$460,4,0),"No Data") -> 1467001 | L23: =IFERROR(J23*K23, "No Data") -> 26406018
E24: 3 | F24: Pasangan Batu Bata | G24: Pemasangan 1m2 Dinding Bata Merah (5x11x22) cm Tebal ½ Batu dengan Mortar tipe n,fc’ 5,2 Mpa (setara campuran 1 SP : 4 PP) | H24: =IFERROR(INDEX(HSP!$G$7:$G$460,MATCH('HITUNG RAB'!G24,HSP!$H$7:$H$460,0)), "Isi Spesifikasi") -> A.4.4.1.9 | I24: M² | J24: =VLOOKUP(F24,RekapVolume,3,FALSE) -> 72.1 | K24: =IFERROR(VLOOKUP(H24,HSP!$G$7:$J$460,4,0),"No Data") -> 178223 | L24: =IFERROR(J24*K24, "No Data") -> 12849878
E25: 4 | F25: Plesteran Dinding | G25: Pemasangan 1 m2 plesteran 1SP : 5PP tebal 15 mm | H25: =IFERROR(INDEX(HSP!$G$7:$G$460,MATCH('HITUNG RAB'!G25,HSP!$H$7:$H$460,0)), "Isi Spesifikasi") -> A.4.4.2.5 | I25: M² | J25: =VLOOKUP(F25,RekapVolume,3,FALSE) -> 135.23 | K25: =IFERROR(VLOOKUP(H25,HSP!$G$7:$J$460,4,0),"No Data") -> 89498 | L25: =IFERROR(J25*K25, "No Data") -> 12102815
E26: 5 | F26: Acian Dinding | G26: Pemasangan 1 m2 acian. | H26: =IFERROR(INDEX(HSP!$G$7:$G$460,MATCH('HITUNG RAB'!G26,HSP!$H$7:$H$460,0)), "Isi Spesifikasi") -> A.4.4.2.27 | I26: M² | J26: =VLOOKUP(F26,RekapVolume,3,FALSE) -> 135.23 | K26: =IFERROR(VLOOKUP(H26,HSP!$G$7:$J$460,4,0),"No Data") -> 54406 | L26: =IFERROR(J26*K26, "No Data") -> 7357323.4
K28: Jumlah III | L28: =SUM(L22:L26) -> 64094724
E29: IV | F29: PEKERJAAN BETON
E30: 1 | F30: Cor Beton Sloof 20x25 cm
F31: a. Pembesian | G31: Pembesian 10 kg dengan besi polos atau besi ulir | H31: =IFERROR(INDEX(HSP!$G$7:$G$460,MATCH('HITUNG RAB'!G31,HSP!$H$7:$H$460,0)), "Isi Spesifikasi") -> A.4.1.1.18 | I31: Kg | J31: ='REKAP VOLUME'!H27 -> 189.58125 | K31: =VLOOKUP(H31,HSP!$G$7:$J$460,4,0)/10 -> 17691.7 | L31: =IFERROR(J31*K31, "No Data") -> 3354014.6
F32: b. Bekisting | G32: (K3) Pemasangan 1 m2 bekisting untuk sloof beton bangunan gedung | H32: =IFERROR(INDEX(HSP!$G$7:$G$460,MATCH('HITUNG RAB'!G32,HSP!$H$7:$H$460,0)), "Isi Spesifikasi") -> A.4.1.1.22 | I32: M² | J32: ='REKAP VOLUME'!H28 -> 22.5 | K32: =IFERROR(VLOOKUP(H32,HSP!$G$7:$J$460,4,0),"No Data") -> 356765 | L32: =IFERROR(J32*K32, "No Data") -> 8027212.5
F33: c. Beton | G33: Membuat 1 m3 beton mutu f’= 21,7 MPa (K 250), slump (120 ± 20) mm, w/c = 0,56 | H33: =IFERROR(INDEX(HSP!$G$7:$G$460,MATCH('HITUNG RAB'!G33,HSP!$H$7:$H$460,0)), "Isi Spesifikasi") -> A.4.1.1.8 | I33: M³ | J33: ='REKAP VOLUME'!H29 -> 2.25 | K33: =IFERROR(VLOOKUP(H33,HSP!$G$7:$J$460,4,0),"No Data") -> 1802958 | L33: =IFERROR(J33*K33, "No Data") -> 4056655.5
E34: 2 | F34: Cor Kolom Praktis 15x15 cm
F35: a. Pembesian | G35: Pembesian 10 kg dengan besi polos atau besi ulir | H35: =IFERROR(INDEX(HSP!$G$7:$G$460,MATCH('HITUNG RAB'!G35,HSP!$H$7:$H$460,0)), "Isi Spesifikasi") -> A.4.1.1.18 | I35: Kg | J35: ='REKAP VOLUME'!H31 -> 156.42833 | K35: =VLOOKUP(H35,HSP!$G$7:$J$460,4,0)/10 -> 17691.7 | L35: =IFERROR(J35*K35, "No Data") -> 2767483.1
F36: b. Bekisting | G36: (K3) Pemasangan 1 m2 bekisting untuk kolom beton bangunan gedung | H36: =IFERROR(INDEX(HSP!$G$7:$G$460,MATCH('HITUNG RAB'!G36,HSP!$H$7:$H$460,0)), "Isi Spesifikasi") -> A.4.1.1.23 | I36: M² | J36: ='REKAP VOLUME'!H32 -> 20.4 | K36: =IFERROR(VLOOKUP(H36,HSP!$G$7:$J$460,4,0),"No Data") -> 562765 | L36: =IFERROR(J36*K36, "No Data") -> 11480406
F37: c. Beton | G37: Membuat 1 m3 beton mutu f’= 21,7 MPa (K 250), slump (120 ± 20) mm, w/c = 0,56 | H37: =IFERROR(INDEX(HSP!$G$7:$G$460,MATCH('HITUNG RAB'!G37,HSP!$H$7:$H$460,0)), "Isi Spesifikasi") -> A.4.1.1.8 | I37: M³ | J37: ='REKAP VOLUME'!H33 -> 1.53 | K37: =IFERROR(VLOOKUP(H37,HSP!$G$7:$J$460,4,0),"No Data") -> 1802958 | L37: =IFERROR(J37*K37, "No Data") -> 2758525.7
E38: 3 | F38: Cor Ring Balk 15x15 cm
F39: a. Pembesian | G39: Pembesian 10 kg dengan besi polos atau besi ulir | H39: =IFERROR(INDEX(HSP!$G$7:$G$460,MATCH('HITUNG RAB'!G39,HSP!$H$7:$H$460,0)), "Isi Spesifikasi") -> A.4.1.1.18 | I39: Kg | J39: ='REKAP VOLUME'!H35 -> 103.51875 | K39: =VLOOKUP(H39,HSP!$G$7:$J$460,4,0)/10 -> 17691.7 | L39: =IFERROR(J39*K39, "No Data") -> 1831422.7
F40: b. Bekisting | G40: (K3) Pemasangan 1 m2 bekisting untuk balok beton bangunan gedung | H40: =IFERROR(INDEX(HSP!$G$7:$G$460,MATCH('HITUNG RAB'!G40,HSP!$H$7:$H$460,0)), "Isi Spesifikasi") -> A.4.1.1.24 | I40: M² | J40: ='REKAP VOLUME'!H36 -> 13.5 | K40: =IFERROR(VLOOKUP(H40,HSP!$G$7:$J$460,4,0),"No Data") -> 577318 | L40: =IFERROR(J40*K40, "No Data") -> 7793793
F41: c. Beton | G41: Membuat 1 m3 beton mutu f’= 21,7 MPa (K 250), slump (120 ± 20) mm, w/c = 0,56 | H41: =IFERROR(INDEX(HSP!$G$7:$G$460,MATCH('HITUNG RAB'!G41,HSP!$H$7:$H$460,0)), "Isi Spesifikasi") -> A.4.1.1.8 | I41: M³ | J41: ='REKAP VOLUME'!H37 -> 1.0125 | K41: =IFERROR(VLOOKUP(H41,HSP!$G$7:$J$460,4,0),"No Data") -> 1802958 | L41: =IFERROR(J41*K41, "No Data") -> 1825495
E42: 4 | F42: Cor Teras Depan
F43: a. Pembesian | G43: Pembesian 10 kg dengan besi polos atau besi ulir | H43: =IFERROR(INDEX(HSP!$G$7:$G$460,MATCH('HITUNG RAB'!G43,HSP!$H$7:$H$460,0)), "Isi Spesifikasi") -> A.4.1.1.18 | I43: Kg | J43: ='REKAP VOLUME'!H39 -> 37 | K43: =VLOOKUP(H43,HSP!$G$7:$J$460,4,0)/10 -> 17691.7 | L43: =IFERROR(J43*K43, "No Data") -> 654592.9
F44: b. Bekisting | G44: (K3) Pemasangan 1 m2 bekisting untuk plat lantai beton bangunan gedung | H44: =IFERROR(INDEX(HSP!$G$7:$G$460,MATCH('HITUNG RAB'!G44,HSP!$H$7:$H$460,0)), "Isi Spesifikasi") -> A.4.1.1.25 | I44: M² | J44: ='REKAP VOLUME'!H40 -> 3 | K44: =IFERROR(VLOOKUP(H44,HSP!$G$7:$J$460,4,0),"No Data") -> 700265 | L44: =IFERROR(J44*K44, "No Data") -> 2100795
F45: c. Beton | G45: Membuat 1 m3 beton mutu f’= 21,7 MPa (K 250), slump (120 ± 20) mm, w/c = 0,56 | H45: =IFERROR(INDEX(HSP!$G$7:$G$460,MATCH('HITUNG RAB'!G45,HSP!$H$7:$H$460,0)), "Isi Spesifikasi") -> A.4.1.1.8 | I45: M³ | J45: ='REKAP VOLUME'!H41 -> 0.36 | K45: =IFERROR(VLOOKUP(H45,HSP!$G$7:$J$460,4,0),"No Data") -> 1802958 | L45: =IFERROR(J45*K45, "No Data") -> 649064.88
E46: 5 | F46: Cor Teras Belakang
F47: a. Pembesian | G47: Pembesian 10 kg dengan besi polos atau besi ulir | H47: =IFERROR(INDEX(HSP!$G$7:$G$460,MATCH('HITUNG RAB'!G47,HSP!$H$7:$H$460,0)), "Isi Spesifikasi") -> A.4.1.1.18 | I47: Kg | J47: ='REKAP VOLUME'!H43 -> 34.533333 | K47: =VLOOKUP(H47,HSP!$G$7:$J$460,4,0)/10 -> 17691.7 | L47: =IFERROR(J47*K47, "No Data") -> 610953.37
F48: b. Bekisting | G48: (K3) Pemasangan 1 m2 bekisting untuk plat lantai beton bangunan gedung | H48: =IFERROR(INDEX(HSP!$G$7:$G$460,MATCH('HITUNG RAB'!G48,HSP!$H$7:$H$460,0)), "Isi Spesifikasi") -> A.4.1.1.25 | I48: M² | J48: ='REKAP VOLUME'!H44 -> 2.8 | K48: =IFERROR(VLOOKUP(H48,HSP!$G$7:$J$460,4,0),"No Data") -> 700265 | L48: =IFERROR(J48*K48, "No Data") -> 1960742
F49: c. Beton | G49: Membuat 1 m3 beton mutu f’= 21,7 MPa (K 250), slump (120 ± 20) mm, w/c = 0,56 | H49: =IFERROR(INDEX(HSP!$G$7:$G$460,MATCH('HITUNG RAB'!G49,HSP!$H$7:$H$460,0)), "Isi Spesifikasi") -> A.4.1.1.8 | I49: M³ | J49: ='REKAP VOLUME'!H45 -> 0.336 | K49: =IFERROR(VLOOKUP(H49,HSP!$G$7:$J$460,4,0),"No Data") -> 1802958 | L49: =IFERROR(J49*K49, "No Data") -> 605793.89
K51: Jumlah IV | L51: =SUM(L31:L49) -> 50476950
E52: V | F52: PEKERJAAN ATAP & PLAFOND
E53: 1 | F53: Kuda-kuda baja ringan serta reng | G53: Pemasangan 1 M2 pasang kuda-kuda baja ringan serta reng untuk atap genteng biasa/metal | H53: =IFERROR(INDEX(HSP!$G$7:$G$460,MATCH('HITUNG RAB'!G53,HSP!$H$7:$H$460,0)), "Isi Spesifikasi") -> A.4.2.1.24 | I53: M³ | J53: =VLOOKUP(F53,RekapVolume,3,FALSE) -> 97.680098 | K53: =IFERROR(VLOOKUP(H53,HSP!$G$7:$J$460,4,0),"No Data") -> 396201 | L53: =IFERROR(J53*K53, "No Data") -> 38700952
E54: 2 | F54: Pasangan Listplank | G54: Pemasangan 1 m’ lisplank ukuran (3 x 20) cm, kayu kelas I atau kelas II | H54: =IFERROR(INDEX(HSP!$G$7:$G$460,MATCH('HITUNG RAB'!G54,HSP!$H$7:$H$460,0)), "Isi Spesifikasi") -> A.4.6.1.21 | I54: M³ | J54: =VLOOKUP(F54,RekapVolume,3,FALSE) -> 39.53602 | K54: =IFERROR(VLOOKUP(H54,HSP!$G$7:$J$460,4,0),"No Data") -> 107851 | L54: =IFERROR(J54*K54, "No Data") -> 4263999.2
E55: 3 | F55: Pasangan Atap metal ukuran 80 x 100 atap pelana | G55: Pemasangan 1 m2 genteng metal ukuran 80 x 100 atap pelana | H55: =IFERROR(INDEX(HSP!$G$7:$G$460,MATCH('HITUNG RAB'!G55,HSP!$H$7:$H$460,0)), "Isi Spesifikasi") -> A.4.5.2.32 | I55: M³ | J55: =VLOOKUP(F55,RekapVolume,3,FALSE) -> 97.680098 | K55: =IFERROR(VLOOKUP(H55,HSP!$G$7:$J$460,4,0),"No Data") -> 114665 | L55: =IFERROR(J55*K55, "No Data") -> 11200488
E56: 4 | F56: Rangka plafond besi hollow | G56: Pemasangan 1 m2 rangka besi hollow 1x40.40.2mm, modul 60 x 60 cm, plafon | H56: =IFERROR(INDEX(HSP!$G$7:$G$460,MATCH('HITUNG RAB'!G56,HSP!$H$7:$H$460,0)), "Isi Spesifikasi") -> A.4.2.1.21 | I56: M³ | J56: =VLOOKUP(F56,RekapVolume,3,FALSE) -> 80 | K56: =IFERROR(VLOOKUP(H56,HSP!$G$7:$J$460,4,0),"No Data") -> 423593 | L56: =IFERROR(J56*K56, "No Data") -> 33887440
E57: 5 | F57: Pasangan Plafond gypsum board | G57: Pemasangan 1 m2 langit-langit gypsum board ukuran (120x240x9) mm, tebal 9 mm | H57: =IFERROR(INDEX(HSP!$G$7:$G$460,MATCH('HITUNG RAB'!G57,HSP!$H$7:$H$460,0)), "Isi Spesifikasi") -> A.4.5.1.7 | I57: M' | J57: =VLOOKUP(F57,RekapVolume,3,FALSE) -> 80 | K57: =IFERROR(VLOOKUP(H57,HSP!$G$7:$J$460,4,0),"No Data") -> 64700 | L57: =IFERROR(J57*K57, "No Data") -> 5176000
E58: 6 | F58: Pasangan List Plafond Profil | G58: Pemasangan list langit-langit gypsum | H58: =IFERROR(INDEX(HSP!$G$7:$G$460,MATCH('HITUNG RAB'!G58,HSP!$H$7:$H$460,0)), "Isi Spesifikasi") -> A.4.5.1.8 | I58: M² | J58: =VLOOKUP(F58,RekapVolume,3,FALSE) -> 36 | K58: =IFERROR(VLOOKUP(H58,HSP!$G$7:$J$460,4,0),"No Data") -> 41910 | L58: =IFERROR(J58*K58, "No Data") -> 1508760
K60: Jumlah V | L60: =SUM(L53:L58) -> 94737640
E61: VI | F61: PEKERJAAN KUSEN PINTU & JENDELA
E62: 1 | F62: Kayu Kusen Kelas II (5/12) | G62: Pembuatan dan pemasangan 1 m3 kusen pintu dan kusen jendela, kayu kelas II atau III | H62: =IFERROR(INDEX(HSP!$G$7:$G$460,MATCH('HITUNG RAB'!G62,HSP!$H$7:$H$460,0)), "Isi Spesifikasi") -> A.4.6.1.2 | I62: M³ | J62: =VLOOKUP(F62,RekapVolume,3,FALSE) -> 0.3504 | K62: =IFERROR(VLOOKUP(H62,HSP!$G$7:$J$460,4,0),"No Data") -> 10054189 | L62: =IFERROR(J62*K62, "No Data") -> 3522987.8
E63: 2 | F63: Pasangan Daun Pintu Panel Kayu | G63: Pembuatan dan pemasangan 1 m2 daun pintu panel, kayu kelas I atau II | H63: =IFERROR(INDEX(HSP!$G$7:$G$460,MATCH('HITUNG RAB'!G63,HSP!$H$7:$H$460,0)), "Isi Spesifikasi") -> A.4.6.1.5 | I63: M² | J63: =VLOOKUP(F63,RekapVolume,3,FALSE) -> 6.528 | K63: =IFERROR(VLOOKUP(H63,HSP!$G$7:$J$460,4,0),"No Data") -> 902665 | L63: =IFERROR(J63*K63, "No Data") -> 5892597.1
E64: 3 | F64: Daun Pintu Double Taewood | G64: Pemasangan 1 m2 teakwood rangkap, rangka expose kayu kelas I | H64: =IFERROR(INDEX(HSP!$G$7:$G$460,MATCH('HITUNG RAB'!G64,HSP!$H$7:$H$460,0)), "Isi Spesifikasi") -> A.4.6.1.11 | I64: M² | J64: =VLOOKUP(F64,RekapVolume,3,FALSE) -> 1.428 | K64: =IFERROR(VLOOKUP(H64,HSP!$G$7:$J$460,4,0),"No Data") -> 767120 | L64: =IFERROR(J64*K64, "No Data") -> 1095447.4
E65: 4 | F65: Pasangan Daun Jendela Kaca | G65: Pembuatan dan pemasangan 1 m2 pintu dan jendela kaca, kayu kelas I atau II | H65: =IFERROR(INDEX(HSP!$G$7:$G$460,MATCH('HITUNG RAB'!G65,HSP!$H$7:$H$460,0)), "Isi Spesifikasi") -> A.4.6.1.6 | I65: M² | J65: =VLOOKUP(F65,RekapVolume,3,FALSE) -> 1.442 | K65: =IFERROR(VLOOKUP(H65,HSP!$G$7:$J$460,4,0),"No Data") -> 680859 | L65: =IFERROR(J65*K65, "No Data") -> 981798.68
E66: 5 | F66: Pasangan Lubang Angin | G66: Pemasangan 1 m2 jalusi kusen, kayu kelas I atau II | H66: =IFERROR(INDEX(HSP!$G$7:$G$460,MATCH('HITUNG RAB'!G66,HSP!$H$7:$H$460,0)), "Isi Spesifikasi") -> A.4.6.1.10 | I66: M² | J66: =VLOOKUP(F66,RekapVolume,3,FALSE) -> 2.304 | K66: =IFERROR(VLOOKUP(H66,HSP!$G$7:$J$460,4,0),"No Data") -> 822685 | L66: =IFERROR(J66*K66, "No Data") -> 1895466.2
K68: Jumlah VI | L68: =SUM(L62:L66) -> 13388297
E69: VII | F69: PEKERJAAN LANTAI & KERAMIK
E70: 1 | F70: Pasangan Tegel Keramik (30/30) | G70: Pemasangan 1m2 lantai keramik ukuran 30cm x 30cm | H70: =IFERROR(INDEX(HSP!$G$7:$G$460,MATCH('HITUNG RAB'!G70,HSP!$H$7:$H$460,0)), "Isi Spesifikasi") -> A.4.4.3.35 | I70: M² | J70: =VLOOKUP(F70,RekapVolume,3,FALSE) -> 44.37 | K70: =IFERROR(VLOOKUP(H70,HSP!$G$7:$J$460,4,0),"No Data") -> 302112 | L70: =IFERROR(J70*K70, "No Data") -> 13404709
E71: 2 | F71: Pasangan Tegel Keramik (20/20) | G71: Pemasangan 1m2 lantai keramik ukuran 20cm x 20cm | H71: =IFERROR(INDEX(HSP!$G$7:$G$460,MATCH('HITUNG RAB'!G71,HSP!$H$7:$H$460,0)), "Isi Spesifikasi") -> A.4.4.3.36 | I71: M² | J71: =VLOOKUP(F71,RekapVolume,3,FALSE) -> 2.88 | K71: =IFERROR(VLOOKUP(H71,HSP!$G$7:$J$460,4,0),"No Data") -> 351087 | L71: =IFERROR(J71*K71, "No Data") -> 1011130.6
K73: Jumlah VII | L73: =SUM(L70:L71) -> 14415840
E74: VIII | F74: PEKERJAAN PENGGANTUNG & PENGUNCI
E75: 1 | F75: Pasangan Kunci Tanam Biasa | G75: Pemasangan 1 buah kunci tanam biasa | H75: =IFERROR(INDEX(HSP!$G$7:$G$460,MATCH('HITUNG RAB'!G75,HSP!$H$7:$H$460,0)), "Isi Spesifikasi") -> A.4.6.2.2 | I75: BH | J75: =VLOOKUP(F75,RekapVolume,3,FALSE) -> 4 | K75: =IFERROR(VLOOKUP(H75,HSP!$G$7:$J$460,4,0),"No Data") -> 269775 | L75: =IFERROR(J75*K75, "No Data") -> 1079100
E76: 2 | F76: Pasangan Kunci KM/WC | G76: Pemasangan 1 buah kunci kamar mandi | H76: =IFERROR(INDEX(HSP!$G$7:$G$460,MATCH('HITUNG RAB'!G76,HSP!$H$7:$H$460,0)), "Isi Spesifikasi") -> A.4.6.2.3 | I76: BH | J76: =VLOOKUP(F76,RekapVolume,3,FALSE) -> 1 | K76: =IFERROR(VLOOKUP(H76,HSP!$G$7:$J$460,4,0),"No Data") -> 157173 | L76: =IFERROR(J76*K76, "No Data") -> 157173
E77: 3 | F77: Pasangan Kunci Slot Pintu | G77: Pemasangan 1 buah kunci slot | H77: =IFERROR(INDEX(HSP!$G$7:$G$460,MATCH('HITUNG RAB'!G77,HSP!$H$7:$H$460,0)), "Isi Spesifikasi") -> A.4.6.2.11 | I77: BH | J77: =VLOOKUP(F77,RekapVolume,3,FALSE) -> 5 | K77: =IFERROR(VLOOKUP(H77,HSP!$G$7:$J$460,4,0),"No Data") -> 108317 | L77: =IFERROR(J77*K77, "No Data") -> 541585
E78: 4 | F78: Pasangan Kunci Slot Jendela | G78: Pemasangan 1 buah kunci slot | H78: =IFERROR(INDEX(HSP!$G$7:$G$460,MATCH('HITUNG RAB'!G78,HSP!$H$7:$H$460,0)), "Isi Spesifikasi") -> A.4.6.2.11 | I78: BH | J78: =VLOOKUP(F78,RekapVolume,3,FALSE) -> 4 | K78: =IFERROR(VLOOKUP(H78,HSP!$G$7:$J$460,4,0),"No Data") -> 108317 | L78: =IFERROR(J78*K78, "No Data") -> 433268
E79: 5 | F79: pasangan Engsel Pintu | G79: Pemasangan 1 buah engsel pintu | H79: =IFERROR(INDEX(HSP!$G$7:$G$460,MATCH('HITUNG RAB'!G79,HSP!$H$7:$H$460,0)), "Isi Spesifikasi") -> A.4.6.2.5 | I79: BH | J79: =VLOOKUP(F79,RekapVolume,3,FALSE) -> 15 | K79: =IFERROR(VLOOKUP(H79,HSP!$G$7:$J$460,4,0),"No Data") -> 53246 | L79: =IFERROR(J79*K79, "No Data") -> 798690
E80: 6 | F80: Pasangan Engsel Jendela | G80: Pemasangan 1 buah engsel jendela kupu-kupu | H80: =IFERROR(INDEX(HSP!$G$7:$G$460,MATCH('HITUNG RAB'!G80,HSP!$H$7:$H$460,0)), "Isi Spesifikasi") -> A.4.6.2.6 | I80: BH | J80: =VLOOKUP(F80,RekapVolume,3,FALSE) -> 8 | K80: =IFERROR(VLOOKUP(H80,HSP!$G$7:$J$460,4,0),"No Data") -> 44863 | L80: =IFERROR(J80*K80, "No Data") -> 358904
E81: 7 | F81: Pasangan Kait Angin | G81: Pemasangan 1 buah kait angin | H81: =IFERROR(INDEX(HSP!$G$7:$G$460,MATCH('HITUNG RAB'!G81,HSP!$H$7:$H$460,0)), "Isi Spesifikasi") -> A.4.6.2.9 | I81: BH | J81: =VLOOKUP(F81,RekapVolume,3,FALSE) -> 8 | K81: =IFERROR(VLOOKUP(H81,HSP!$G$7:$J$460,4,0),"No Data") -> 38291 | L81: =IFERROR(J81*K81, "No Data") -> 306328
K83: Jumlah VIII | L83: =SUM(L75:L81) -> 3675048
E84: IX | F84: PEKERJAAN INSTALASI LISTRIK & AIR
E85: 1 | F85: Lampu TL 20W | G85: Memasang 1 Titik Instalasi Penerangan | H85: =IFERROR(INDEX(HSP!$G$7:$G$460,MATCH('HITUNG RAB'!G85,HSP!$H$7:$H$460,0)), "Isi Spesifikasi") -> A.8.4.6.2 | I85: BH | J85: =VLOOKUP(F85,RekapVolume,3,FALSE) -> 2 | K85: =IFERROR(VLOOKUP(H85,HSP!$G$7:$J$460,4,0),"No Data") -> 306611 | L85: =IFERROR(J85*K85, "No Data") -> 613222
E86: 2 | F86: Lampu Pijar 25W | G86: Memasang 1 Titik Instalasi Penerangan | H86: =IFERROR(INDEX(HSP!$G$7:$G$460,MATCH('HITUNG RAB'!G86,HSP!$H$7:$H$460,0)), "Isi Spesifikasi") -> A.8.4.6.2 | I86: BH | J86: =VLOOKUP(F86,RekapVolume,3,FALSE) -> 5 | K86: =IFERROR(VLOOKUP(H86,HSP!$G$7:$J$460,4,0),"No Data") -> 306611 | L86: =IFERROR(J86*K86, "No Data") -> 1533055
E87: 3 | F87: Lampu Pijar 5W | G87: Memasang 1 Titik Instalasi Penerangan | H87: =IFERROR(INDEX(HSP!$G$7:$G$460,MATCH('HITUNG RAB'!G87,HSP!$H$7:$H$460,0)), "Isi Spesifikasi") -> A.8.4.6.2 | I87: BH | J87: =VLOOKUP(F87,RekapVolume,3,FALSE) -> 1 | K87: =IFERROR(VLOOKUP(H87,HSP!$G$7:$J$460,4,0),"No Data") -> 306611 | L87: =IFERROR(J87*K87, "No Data") -> 306611
E88: 4 | F88: Saklar Ganda | G88: Pemasangan 1 buah saklar ganda | H88: =IFERROR(INDEX(HSP!$G$7:$G$460,MATCH('HITUNG RAB'!G88,HSP!$H$7:$H$460,0)), "Isi Spesifikasi") -> A.8.4.6.3 | I88: BH | J88: =VLOOKUP(F88,RekapVolume,3,FALSE) -> 2 | K88: =IFERROR(VLOOKUP(H88,HSP!$G$7:$J$460,4,0),"No Data") -> 84535 | L88: =IFERROR(J88*K88, "No Data") -> 169070
E89: 5 | F89: Saklar Tunggal | G89: Pemasangan 1 buah saklar tunggal | H89: =IFERROR(INDEX(HSP!$G$7:$G$460,MATCH('HITUNG RAB'!G89,HSP!$H$7:$H$460,0)), "Isi Spesifikasi") -> A.8.4.6.4 | I89: BH | J89: =VLOOKUP(F89,RekapVolume,3,FALSE) -> 4 | K89: =IFERROR(VLOOKUP(H89,HSP!$G$7:$J$460,4,0),"No Data") -> 77935 | L89: =IFERROR(J89*K89, "No Data") -> 311740
E90: 6 | F90: Stop Kontak | G90: Pemasangan 1 buah stop kontak | H90: =IFERROR(INDEX(HSP!$G$7:$G$460,MATCH('HITUNG RAB'!G90,HSP!$H$7:$H$460,0)), "Isi Spesifikasi") -> A.8.4.6.5 | I90: BH | J90: =VLOOKUP(F90,RekapVolume,3,FALSE) -> 4 | K90: =IFERROR(VLOOKUP(H90,HSP!$G$7:$J$460,4,0),"No Data") -> 70697 | L90: =IFERROR(J90*K90, "No Data") -> 282788
E91: 7 | F91: MCB-BOX | G91: Pemasangan 1 buah MCB Box | H91: =IFERROR(INDEX(HSP!$G$7:$G$460,MATCH('HITUNG RAB'!G91,HSP!$H$7:$H$460,0)), "Isi Spesifikasi") -> A.8.4.6.6 | I91: BH | J91: =VLOOKUP(F91,RekapVolume,3,FALSE) -> 1 | K91: =IFERROR(VLOOKUP(H91,HSP!$G$7:$J$460,4,0),"No Data") -> 496870 | L91: =IFERROR(J91*K91, "No Data") -> 496870
E92: 8 | F92: Pasangan Kloset Duduk | G92: (K3) Pemasangan 1 buah closet duduk/monoblock | H92: =IFERROR(INDEX(HSP!$G$7:$G$460,MATCH('HITUNG RAB'!G92,HSP!$H$7:$H$460,0)), "Isi Spesifikasi") -> A.5.1.1.1 | I92: BH | J92: =VLOOKUP(F92,RekapVolume,3,FALSE) -> 1 | K92: =IFERROR(VLOOKUP(H92,HSP!$G$7:$J$460,4,0),"No Data") -> 2407185 | L92: =IFERROR(J92*K92, "No Data") -> 2407185
E93: 9 | F93: Pasangan Bak Air Viber | G93: Pemasangan 1 buah bak air fibreglass vol 1 m3 | H93: =IFERROR(INDEX(HSP!$G$7:$G$460,MATCH('HITUNG RAB'!G93,HSP!$H$7:$H$460,0)), "Isi Spesifikasi") -> A.5.1.1.10 | I93: BH | J93: =VLOOKUP(F93,RekapVolume,3,FALSE) -> 1 | K93: =IFERROR(VLOOKUP(H93,HSP!$G$7:$J$460,4,0),"No Data") -> 611387 | L93: =IFERROR(J93*K93, "No Data") -> 611387
E94: 10 | F94: Kran Air | G94: Pemasangan 1 buah kran diameter ½” atau 3/4” | H94: =IFERROR(INDEX(HSP!$G$7:$G$460,MATCH('HITUNG RAB'!G94,HSP!$H$7:$H$460,0)), "Isi Spesifikasi") -> A.5.1.1.19 | I94: BH | J94: =VLOOKUP(F94,RekapVolume,3,FALSE) -> 4 | K94: =IFERROR(VLOOKUP(H94,HSP!$G$7:$J$460,4,0),"No Data") -> 110331 | L94: =IFERROR(J94*K94, "No Data") -> 441324
E95: 11 | F95: Pasangan Floor Drain | G95: Pemasangan 1 buah floor drain | H95: =IFERROR(INDEX(HSP!$G$7:$G$460,MATCH('HITUNG RAB'!G95,HSP!$H$7:$H$460,0)), "Isi Spesifikasi") -> A.5.1.1.14 | I95: BH | J95: =VLOOKUP(F95,RekapVolume,3,FALSE) -> 1 | K95: =IFERROR(VLOOKUP(H95,HSP!$G$7:$J$460,4,0),"No Data") -> 328625 | L95: =IFERROR(J95*K95, "No Data") -> 328625
E96: 12 | F96: Bak Cuci Piring | G96: Pemasangan 1 buah bak cuci piring stainlessteel | H96: =IFERROR(INDEX(HSP!$G$7:$G$460,MATCH('HITUNG RAB'!G96,HSP!$H$7:$H$460,0)), "Isi Spesifikasi") -> A.5.1.1.12 | I96: BH | J96: =VLOOKUP(F96,RekapVolume,3,FALSE) -> 1 | K96: =IFERROR(VLOOKUP(H96,HSP!$G$7:$J$460,4,0),"No Data") -> 678315 | L96: =IFERROR(J96*K96, "No Data") -> 678315
K98: Jumlah IX | L98: =SUM(L85:L96) -> 8180192
E99: X | F99: PEKERJAAN FINISHING
E100: 1 | F100: Cat Tembok | G100: Pengecatan 1 m2 tembok baru ( 1lapis plamuur, 1 lapis cat dasar, 2 lapis cat penutup) | H100: =IFERROR(INDEX(HSP!$G$7:$G$460,MATCH('HITUNG RAB'!G100,HSP!$H$7:$H$460,0)), "Isi Spesifikasi") -> A.4.7.1.10 | I100: M² | J100: =VLOOKUP(F100,RekapVolume,3,FALSE) -> 135.23 | K100: =IFERROR(VLOOKUP(H100,HSP!$G$7:$J$460,4,0),"No Data") -> 37532 | L100: =IFERROR(J100*K100, "No Data") -> 5075452.4
E101: 2 | F101: Cat Plafond | G101: Pengecatan 1 m2 tembok baru ( 1lapis plamuur, 1 lapis cat dasar, 2 lapis cat penutup) | H101: =IFERROR(INDEX(HSP!$G$7:$G$460,MATCH('HITUNG RAB'!G101,HSP!$H$7:$H$460,0)), "Isi Spesifikasi") -> A.4.7.1.10 | I101: M² | J101: =VLOOKUP(F101,RekapVolume,3,FALSE) -> 80 | K101: =IFERROR(VLOOKUP(H101,HSP!$G$7:$J$460,4,0),"No Data") -> 37532 | L101: =IFERROR(J101*K101, "No Data") -> 3002560
E102: 3 | F102: Manie Kayu | G102: Pengecatan 1 m2 permukaan baja dengan menie besi | H102: =IFERROR(INDEX(HSP!$G$7:$G$460,MATCH('HITUNG RAB'!G102,HSP!$H$7:$H$460,0)), "Isi Spesifikasi") -> A.4.7.1.16 | I102: M² | J102: =VLOOKUP(F102,RekapVolume,3,FALSE) -> 13.966004 | K102: =IFERROR(VLOOKUP(H102,HSP!$G$7:$J$460,4,0),"No Data") -> 43847 | L102: =IFERROR(J102*K102, "No Data") -> 612367.37
E103: 4 | F103: Cat Kayu | G103: 1 m2 Pengecatan bidang kayu baru (1 lapis plamuur, 1 lapis cat dasar, 2 lapis cat penutup) | H103: =IFERROR(INDEX(HSP!$G$7:$G$460,MATCH('HITUNG RAB'!G103,HSP!$H$7:$H$460,0)), "Isi Spesifikasi") -> A.4.7.1.4 | I103: M² | J103: =VLOOKUP(F103,RekapVolume,3,FALSE) -> 13.966004 | K103: =IFERROR(VLOOKUP(H103,HSP!$G$7:$J$460,4,0),"No Data") -> 52538 | L103: =IFERROR(J103*K103, "No Data") -> 733745.91
K105: Jumlah X | L105: =SUM(L100:L103) -> 9424125.6
E106: XI | F106: PEKERJAAN SEPTITANK & PERESAPAN
E107: 1 | F107: Galian Tanah | G107: Penggalian 1 m3 tanah biasa sedalam s.d. 1 m | H107: =IFERROR(INDEX(HSP!$G$7:$G$460,MATCH('HITUNG RAB'!G107,HSP!$H$7:$H$460,0)), "Isi Spesifikasi") -> A.1.5.1.1 | I107: M³ | J107: =VLOOKUP(F107,RekapVolume,3,FALSE) -> 12.774 | K107: =IFERROR(VLOOKUP(H107,HSP!$G$7:$J$460,4,0),"No Data") -> 107800 | L107: =IFERROR(J107*K107, "No Data") -> 1377037.2
E108: 2 | F108: Plesteran Transram | G108: Pemasangan 1 m2 plesteran 1SP : 1PP tebal 15 mm. | H108: =IFERROR(INDEX(HSP!$G$7:$G$460,MATCH('HITUNG RAB'!G108,HSP!$H$7:$H$460,0)), "Isi Spesifikasi") -> A.4.4.2.1 | I108: M² | J108: =VLOOKUP(F108,RekapVolume,3,FALSE) -> 24.96 | K108: =IFERROR(VLOOKUP(H108,HSP!$G$7:$J$460,4,0),"No Data") -> 108051 | L108: =IFERROR(J108*K108, "No Data") -> 2696953
E109: 3 | F109: Pekerjaan Pasangan Batu Kosong | G109: Pemasangan 1 m3 batu kosong (anstamping) | H109: =IFERROR(INDEX(HSP!$G$7:$G$460,MATCH('HITUNG RAB'!G109,HSP!$H$7:$H$460,0)), "Isi Spesifikasi") -> A.3.1.1.9 | I109: M³ | J109: =VLOOKUP(F109,RekapVolume,3,FALSE) -> 0.432 | K109: =IFERROR(VLOOKUP(H109,HSP!$G$7:$J$460,4,0),"No Data") -> 885381 | L109: =IFERROR(J109*K109, "No Data") -> 382484.59
E110: 4 | F110: Pekerjaan Urugan Pasir | G110: Pengurugan 1 m3 dengan pasir urug | H110: =IFERROR(INDEX(HSP!$G$7:$G$460,MATCH('HITUNG RAB'!G110,HSP!$H$7:$H$460,0)), "Isi Spesifikasi") -> A.1.5.1.11 | I110: M³ | J110: =VLOOKUP(F110,RekapVolume,3,FALSE) -> 0.4275 | K110: =IFERROR(VLOOKUP(H110,HSP!$G$7:$J$460,4,0),"No Data") -> 440426 | L110: =IFERROR(J110*K110, "No Data") -> 188282.12
E111: 5 | F111: Pekerjaan Urugan Batu Pecah (5/7) | G111: Pengurugan 1 m3 dengan sirtu padat | H111: =IFERROR(INDEX(HSP!$G$7:$G$460,MATCH('HITUNG RAB'!G111,HSP!$H$7:$H$460,0)), "Isi Spesifikasi") -> A.1.5.1.14 | I111: M³ | J111: =VLOOKUP(F111,RekapVolume,3,FALSE) -> 0.432 | K111: =IFERROR(VLOOKUP(H111,HSP!$G$7:$J$460,4,0),"No Data") -> 401852 | L111: =IFERROR(J111*K111, "No Data") -> 173600.06
E112: 6 | F112: Pekerjaan Urugan Batu Pecah (3/5) | G112: Pengurugan 1 m3 dengan sirtu padat | H112: =IFERROR(INDEX(HSP!$G$7:$G$460,MATCH('HITUNG RAB'!G112,HSP!$H$7:$H$460,0)), "Isi Spesifikasi") -> A.1.5.1.14 | I112: M³ | J112: =VLOOKUP(F112,RekapVolume,3,FALSE) -> 0.432 | K112: =IFERROR(VLOOKUP(H112,HSP!$G$7:$J$460,4,0),"No Data") -> 401852 | L112: =IFERROR(J112*K112, "No Data") -> 173600.06
...

Sheet REKAPITULASI
E2: REKAPITULASI
A36: www.rabotomatis.com

Sheet REKAP VOLUME
E2: REKAP VOLUME PEKERJAAN
E4: No | F4: Uraian Pekerjaan | G4: Satuan | H4: Volume
E5: 1 | F5: 2 | G5: 3 | H5: 4
E6: I | F6: PEKERJAAN PERSIAPAN
E7: 1 | F7: Pembersihan Lahan | G7: M² | H7: ='HITUNG VOLUME'!Y8 -> 200
E8: 2 | F8: Pemasangan Bouwplank | G8: M¹ | H8: ='HITUNG VOLUME'!Y11 -> 48
E9: 3 | F9: Penyediaan Air Kerja | G9: LS | H9: ='HITUNG VOLUME'!Y14 -> 1
E10: 4 | F10: Administrasi & Dokumentasi | G10: LS | H10: ='HITUNG VOLUME'!Y17 -> 1
E12: II | F12: PEKERJAAN GALIAN TANAH & URUGAN
E13: 1 | F13: Galian Tanah Pondasi | G13: M³ | H13: ='HITUNG VOLUME'!Y31 -> 30.7125
E14: 2 | F14: Urugan Tanah Kembali | G14: M³ | H14: ='HITUNG VOLUME'!Y49 -> 26.878125
E15: 3 | F15: Urugan Pasir Dibawah Pondasi | G15: M³ | H15: ='HITUNG VOLUME'!Y55 -> 2.025
E16: 4 | F16: Urugan Pasir Dibawah Lantai | G16: M³ | H16: ='HITUNG VOLUME'!Y63 -> 4.8
E18: III | F18: PEKERJAAN PASANGAN DAN PLESTERAN
E19: 1 | F19: Pasangan Batu Kosong/Aanstamping | G19: M³ | H19: ='HITUNG VOLUME'!Y70 -> 6.075
E20: 2 | F20: Pasangan Pondasi Batu Gunung | G20: M³ | H20: ='HITUNG VOLUME'!Y78 -> 18
E21: 3 | F21: Pasangan Batu Bata | G21: M² | H21: ='HITUNG VOLUME'!Y101 -> 72.1
E22: 4 | F22: Plesteran Dinding | G22: M² | H22: ='HITUNG VOLUME'!Y106 -> 135.23
E23: 5 | F23: Acian Dinding | G23: M² | H23: ='HITUNG VOLUME'!Y111 -> 135.23
E25: IV | F25: PEKERJAAN BETON
E26: 1 | F26: Cor Beton Sloof 20x25 cm
F27: a. Pembesian | G27: Kg | H27: ='HITUNG VOLUME'!Y138 -> 189.58125
F28: b. Bekisting | G28: M² | H28: ='HITUNG VOLUME'!Y141 -> 22.5
F29: c. Beton | G29: M³ | H29: ='HITUNG VOLUME'!Y144 -> 2.25
E30: 2 | F30: Cor Kolom Praktis 15x15 cm
F31: a. Pembesian | G31: Kg | H31: ='HITUNG VOLUME'!Y162 -> 156.42833
F32: b. Bekisting | G32: M² | H32: ='HITUNG VOLUME'!Y165 -> 20.4
F33: c. Beton | G33: M³ | H33: ='HITUNG VOLUME'!Y168 -> 1.53
E34: 3 | F34: Cor Ring Balk 15x15 cm
A35: www.rabotomatis.com | F35: a. Pembesian | G35: Kg | H35: ='HITUNG VOLUME'!Y186 -> 103.51875
F36: b. Bekisting | G36: M² | H36: ='HITUNG VOLUME'!Y189 -> 13.5
F37: c. Beton | G37: M³ | H37: ='HITUNG VOLUME'!Y192 -> 1.0125
E38: 4 | F38: Cor Teras Depan
F39: a. Pembesian | G39: Kg | H39: ='HITUNG VOLUME'!Y203 -> 37
F40: b. Bekisting | G40: M² | H40: ='HITUNG VOLUME'!Y206 -> 3
F41: c. Beton | G41: M³ | H41: ='HITUNG VOLUME'!Y209 -> 0.36
E42: 5 | F42: Cor Teras Belakang
F43: a. Pembesian | G43: Kg | H43: ='HITUNG VOLUME'!Y225 -> 34.533333
F44: b. Bekisting | G44: M² | H44: ='HITUNG VOLUME'!Y228 -> 2.8
F45: c. Beton | G45: M³ | H45: ='HITUNG VOLUME'!Y231 -> 0.336
E47: V | F47: PEKERJAAN ATAP & PLAFOND
E48: 1 | F48: Kuda-kuda baja ringan serta reng | G48: M² | H48: ='HITUNG VOLUME'!Y242 -> 97.680098
E49: 2 | F49: Pasangan Listplank | G49: M' | H49: ='HITUNG VOLUME'!Y245 -> 39.53602
E50: 3 | F50: Pasangan Atap metal ukuran 80 x 100 atap pelana | G50: M² | H50: ='HITUNG VOLUME'!Y248 -> 97.680098
E51: 4 | F51: Rangka plafond besi hollow | G51: M² | H51: ='HITUNG VOLUME'!Y251 -> 80
E52: 5 | F52: Pasangan Plafond gypsum board | G52: M² | H52: ='HITUNG VOLUME'!Y254 -> 80
E53: 6 | F53: Pasangan List Plafond Profil | G53: M' | H53: ='HITUNG VOLUME'!Y257 -> 36
E55: VI | F55: PEKERJAAN KUSEN PINTU & JENDELA
E56: 1 | F56: Kayu Kusen Kelas II (5/12) | G56: M³ | H56: ='HITUNG VOLUME'!Y358 -> 0.3504
E57: 2 | F57: Pasangan Daun Pintu Panel Kayu | G57: M² | H57: ='HITUNG VOLUME'!Y361 -> 6.528
E58: 3 | F58: Daun Pintu Double Taewood | G58: M² | H58: ='HITUNG VOLUME'!Y364 -> 1.428
E59: 4 | F59: Pasangan Daun Jendela Kaca | G59: M² | H59: ='HITUNG VOLUME'!Y369 -> 1.442
E60: 5 | F60: Pasangan Lubang Angin | G60: M² | H60: ='HITUNG VOLUME'!Y372 -> 2.304
E62: VII | F62: PEKERJAAN LANTAI & KERAMIK
E63: 1 | F63: Pasangan Tegel Keramik (30/30) | G63: M² | H63: ='HITUNG VOLUME'!Y382 -> 44.37
E64: 2 | F64: Pasangan Tegel Keramik (20/20) | G64: M² | H64: ='HITUNG VOLUME'!Y385 -> 2.88
E66: VIII | F66: PEKERJAAN PENGGANTUNG & PENGUNCI
E67: 1 | F67: Pasangan Kunci Tanam Biasa | G67: BH | H67: ='HITUNG VOLUME'!Y400 -> 4
E68: 2 | F68: Pasangan Kunci KM/WC | G68: BH | H68: ='HITUNG VOLUME'!Y401 -> 1
E69: 3 | F69: Pasangan Kunci Slot Pintu | G69: BH | H69: ='HITUNG VOLUME'!Y402 -> 5
E70: 4 | F70: Pasangan Kunci Slot Jendela | G70: BH | H70: ='HITUNG VOLUME'!Y403 -> 4
E71: 5 | F71: pasangan Engsel Pintu | G71: BH | H71: ='HITUNG VOLUME'!Y404 -> 15
E72: 6 | F72: Pasangan Engsel Jendela | G72: BH | H72: ='HITUNG VOLUME'!Y405 -> 8
E73: 7 | F73: Pasangan Kait Angin | G73: BH | H73: ='HITUNG VOLUME'!Y406 -> 8
E75: IX | F75: PEKERJAAN INSTALASI LISTRIK & AIR
E76: 1 | F76: Lampu TL 20W | G76: BH | H76: ='HITUNG VOLUME'!Y413 -> 2
E77: 2 | F77: Lampu Pijar 25W | G77: BH | H77: ='HITUNG VOLUME'!Y414 -> 5
E78: 3 | F78: Lampu Pijar 5W | G78: BH | H78: ='HITUNG VOLUME'!Y415 -> 1
E79: 4 | F79: Saklar Ganda | G79: BH | H79: ='HITUNG VOLUME'!Y416 -> 2
E80: 5 | F80: Saklar Tunggal | G80: BH | H80: ='HITUNG VOLUME'!Y417 -> 4
E81: 6 | F81: Stop Kontak | G81: BH | H81: ='HITUNG VOLUME'!Y418 -> 4
E82: 7 | F82: MCB-BOX | G82: BH | H82: ='HITUNG VOLUME'!Y419 -> 1
E83: 8 | F83: Pasangan Kloset Duduk | G83: BH | H83: ='HITUNG VOLUME'!Y420 -> 1
E84: 9 | F84: Pasangan Bak Air Viber | G84: BH | H84: ='HITUNG VOLUME'!Y421 -> 1
E85: 10 | F85: Kran Air | G85: BH | H85: ='HITUNG VOLUME'!Y422 -> 4
E86: 11 | F86: Pasangan Floor Drain | G86: BH | H86: ='HITUNG VOLUME'!Y423 -> 1
E87: 12 | F87: Bak Cuci Piring | G87: BH | H87: ='HITUNG VOLUME'!Y424 -> 1
E89: X | F89: PEKERJAAN FINISHING
E90: 1 | F90: Cat Tembok | G90: M² | H90: ='HITUNG VOLUME'!Y432 -> 135.23
E91: 2 | F91: Cat Plafond | G91: M² | H91: ='HITUNG VOLUME'!Y435 -> 80
E92: 3 | F92: Manie Kayu | G92: M² | H92: ='HITUNG VOLUME'!Y440 -> 13.966004
E93: 4 | F93: Cat Kayu | G93: M² | H93: ='HITUNG VOLUME'!Y440 -> 13.966004
E95: XI | F95: PEKERJAAN SEPTITANK & PERESAPAN
E96: 1 | F96: Galian Tanah | G96: M³ | H96: ='HITUNG VOLUME'!Y449 -> 12.774
E97: 2 | F97: Plesteran Transram | G97: M² | H97: ='HITUNG VOLUME'!Y456 -> 24.96
E98: 3 | F98: Pekerjaan Pasangan Batu Kosong | G98: M³ | H98: ='HITUNG VOLUME'!Y461 -> 0.432
E99: 4 | F99: Pekerjaan Urugan Pasir | G99: M³ | H99: ='HITUNG VOLUME'!Y464 -> 0.4275
E100: 5 | F100: Pekerjaan Urugan Batu Pecah (5/7) | G100: M³ | H100: ='HITUNG VOLUME'!Y467 -> 0.432
E101: 6 | F101: Pekerjaan Urugan Batu Pecah (3/5) | G101: M³ | H101: ='HITUNG VOLUME'!Y470 -> 0.432
E102: 7 | F102: Pekerjaan Lapisan Ijuk (5cm) | G102: M² | H102: ='HITUNG VOLUME'!Y475 -> 5.12
E103: 8 | F103: Pekerjaan Beton Sloof 15/20 | G103: M³ | H103: ='HITUNG VOLUME'!Y480 -> 0.2835
E104: 9 | F104: Pekerjaan Kolom Praktis (15/15) | G104: M³ | H104: ='HITUNG VOLUME'!Y488 -> 0.2025
E105: 10 | F105: Pekerjaan Kolom (20/20) | G105: M³ | H105: ='HITUNG VOLUME'!Y495 -> 0.112
E106: 11 | F106: Pekerjaan Beton Ring Balk (15/15) | G106: M³ | H106: ='HITUNG VOLUME'!Y507 -> 0.24975
E107: 12 | F107: Pekerjaan Beton Ring Balk (15/20) | G107: M³ | H107: ='HITUNG VOLUME'!Y514 -> 0.168
E108: 13 | F108: Pekerjaan Pelat Beton Penutup | G108: M³ | H108: ='HITUNG VOLUME'!Y525 -> 0.59075
E109: 14 | F109: Pekerjaan Pipa PVC Ø 4" | G109: M' | H109: ='HITUNG VOLUME'!Y528 -> 3
E110: 15 | F110: Pekerjaan Pipa Hawa Gip Ø 1,5" | G110: BH | H110: ='HITUNG VOLUME'!Y531 -> 1
E111: 16 | F111: Pekerjaan Pasangan Tembok | G111: M² | H111: ='HITUNG VOLUME'!Y536 -> 34.14
E113: XII | F113: PEKERJAAN LAIN-LAIN
...

Sheet REKAP RAB
E2: REKAP RAB
E4: No | F4: Uraian Pekerjaan | J4: Jumlah (Rp)
E6: 1 | F6: 2 | J6: 3
E7: I | F7: PEKERJAAN PERSIAPAN | J7: ='HITUNG RAB'!L13 -> 10083520
E8: II | F8: PEKERJAAN GALIAN TANAH & URUGAN | J8: ='HITUNG RAB'!L20 -> 8462250.6
E9: III | F9: PEKERJAAN PASANGAN & PLESTERAN | J9: ='HITUNG RAB'!L28 -> 64094724
E10: IV | F10: PEKERJAAN BETON | J10: ='HITUNG RAB'!L51 -> 50476950
E11: V | F11: PEKERJAAN ATAP & PLAFOND | J11: ='HITUNG RAB'!L60 -> 94737640
E12: VI | F12: PEKERJAAN KUSEN PINTU & JENDELA | J12: ='HITUNG RAB'!L68 -> 13388297
E13: VII | F13: PEKERJAAN LANTAI & KERAMIK | J13: ='HITUNG RAB'!L73 -> 14415840
E14: VIII | F14: PEKERJAAN PENGGANTUNG & PENGUNCI | J14: ='HITUNG RAB'!L83 -> 3675048
E15: IX | F15: PEKERJAAN INSTALASI LISTRIK & AIR | J15: ='HITUNG RAB'!L98 -> 8180192
E16: X | F16: PEKERJAAN FINISHING | J16: ='HITUNG RAB'!L105 -> 9424125.6
E17: XI | F17: PEKERJAAN SEPTITANK & PERESAPAN | J17: ='HITUNG RAB'!L124 -> 29017311
E18: XII | F18: PEKERJAAN LAIN-LAIN | J18: ='HITUNG RAB'!L128 -> 1540000
I19: Jumlah | J19: =SUM(J7:J18) -> 3.074959e+08
A31: www.rabotomatis.com

Sheet REKAP PEKERJA
E2: REKAP PEKERJA
E5: No | F5: Uraian Pekerjaan | H5: Koef Tenaga Kerja | I5: Kemampuan Pekerja | J5: Vol Pek | K5: Jumlah Hari Untuk | L5: Rencana | M5: Jumlah Org Yang | P5: URAIAN PEKERJAAN | Q5: Jumlah | R5: WAKTU PELAKSANAAN (HARI)
H6: Per Satuan Pekerjaan | I6: Menyelesaikan Pkrjn | K6: Menyelesaikan Kes Vol Pek | L6: Hari Kerja | M6: Dibutuhkan | Q6: Hari | R6: 1 | S6: 2 | T6: 3 | U6: 4 | V6: 5 | W6: 6 | X6: 7 | Y6: 8 | Z6: 9 | AA6: 10 | AB6: 11 | AC6: 12 | AD6: 13 | AE6: 14 | AF6: 15 | AG6: 16 | AH6: 17 | AI6: 18 | AJ6: 19 | AK6: 20 | AL6: 21 | AM6: 22 | AN6: 23 | AO6: 24 | AP6: 25 | AQ6: 26 | AR6: 27 | AS6: 28 | AT6: 29 | AU6: 30 | AV6: 31 | AW6: 32 | AX6: 33 | AY6: 34 | AZ6: 35 | BA6: 36 | BB6: 37 | BC6: 38 | BD6: 39 | BE6: 40 | BF6: 41 | BG6: 42 | BH6: 43 | BI6: 44 | BJ6: 45 | BK6: 46 | BL6: 47 | BM6: 48 | BN6: 49 | BO6: 50 | BP6: 51 | BQ6: 52 | BR6: 53 | BS6: 54 | BT6: 55 | BU6: 56 | BV6: 57 | BW6: 58 | BX6: 59 | BY6: 60 | BZ6: 61 | CA6: 62 | CB6: 63 | CC6: 64 | CD6: 65 | CE6: 66 | CF6: 67 | CG6: 68 | CH6: 69 | CI6: 70 | CJ6: 71 | CK6: 72 | CL6: 73 | CM6: 74 | CN6: 75 | CO6: 76 | CP6: 77 | CQ6: 78 | CR6: 79 | CS6: 80 | CT6: 81 | CU6: 82 | CV6: 83 | CW6: 84 | CX6: 85 | CY6: 86 | CZ6: 87 | DA6: 88 | DB6: 89 | DC6: 90 | DD6: 91 | DE6: 92 | DF6: 93 | DG6: 94 | DH6: 95 | DI6: 96 | DJ6: 97 | DK6: 98 | DL6: 99 | DM6: 100 | DN6: 101 | DO6: 102 | DP6: 103 | DQ6: 104 | DR6: 105 | DS6: 106 | DT6: 107 | DU6: 108 | DV6: 109 | DW6: 110 | DX6: 111 | DY6: 112 | DZ6: 113 | EA6: 114 | EB6: 115 | EC6: 116 | ED6: 117 | EE6: 118 | EF6: 119 | EG6: 120 | EH6: 121 | EI6: 122 | EJ6: 123 | EK6: 124 | EL6: 125 | EM6: 126 | EN6: 127 | EO6: 128 | EP6: 129 | EQ6: 130 | ER6: 131 | ES6: 132 | ET6: 133 | EU6: 134 | EV6: 135 | EW6: 136 | EX6: 137 | EY6: 138 | EZ6: 139 | FA6: 140 | FB6: 141 | FC6: 142 | FD6: 143 | FE6: 144 | FF6: 145 | FG6: 146 | FH6: 147 | FI6: 148 | FJ6: 149 | FK6: 150 | FL6: 151 | FM6: 152 | FN6: 153 | FO6: 154 | FP6: 155 | FQ6: 156 | FR6: 157 | FS6: 158 | FT6: 159 | FU6: 160 | FV6: 161 | FW6: 162 | FX6: 163 | FY6: 164 | FZ6: 165 | GA6: 166 | GB6: 167 | GC6: 168 | GD6: 169 | GE6: 170 | GF6: 171 | GG6: 172 | GH6: 173 | GI6: 174 | GJ6: 175 | GK6: 176 | GL6: 177 | GM6: 178 | GN6: 179 | GO6: 180 | GP6: 181 | GQ6: 182 | GR6: 183 | GS6: 184 | GT6: 185 | GU6: 186 | GV6: 187 | GW6: 188 | GX6: 189 | GY6: 190
H7: (a) | I7: Dalam 1 Hari (b) | J7: ( c ) | K7: (1 Org) (d) | L7: (e) | M7: (f) | N7: (g) | P7: PEKERJAAN PERSIAPAN
I8: 1/a | K8: c/b | M8: d/e | P8: Pembersihan Lapangan
F9: PEKERJAAN PERSIAPAN | P9: Pasangan Bouwlpank
F10: 1 M2 Pembersihan Lapangan | G10: P | H10: =AHSP!J174 -> 0.1 | I10: =1/H10 -> 10 | J10: ='REKAP VOLUME'!H7 -> 200 | K10: =J10/I10 -> 20 | L10: 4 | M10: =K10/L10 -> 5 | N10: =M10 -> 5 | P10: Gudang Semen dan Alat
G11: M | H11: =AHSP!J175 -> 0.05 | I11: =1/H11 -> 20 | J11: ='REKAP VOLUME'!H7 -> 200 | K11: =J11/I11 -> 10 | L11: 4 | M11: =K11/L11 -> 2.5 | N11: =M11 -> 2.5 | P11: PEKERJAAN GALIAN
P12: Galian Tanah
F13: 1 M' Pasangan Bouwlpank | G13: P | H13: =AHSP!J80 -> 0.1 | I13: =1/H13 -> 10 | J13: ='REKAP VOLUME'!H8 -> 48 | K13: =J13/I13 -> 4.8 | L13: 2 | M13: =K13/L13 -> 2.4 | N13: =M13 -> 2.4 | P13: Urugan Kembali Galian Tanah
G14: T | H14: =AHSP!J81 -> 0.1 | I14: =1/H14 -> 10 | J14: =J13 -> 48 | K14: =J14/I14 -> 4.8 | L14: 2 | M14: =K14/L14 -> 2.4 | N14: =M14 -> 2.4 | P14: PEK. PONDASI BATU KALI
G15: KT | H15: =AHSP!J82 -> 0.01 | I15: =1/H15 -> 100 | J15: =J14 -> 48 | K15: =J15/I15 -> 0.48 | L15: 2 | M15: =K15/L15 -> 0.24 | N15: 1 | P15: Urugan Pasir Bawah Pondasi
G16: M | H16: =AHSP!J83 -> 0.005 | I16: =1/H16 -> 200 | J16: =J15 -> 48 | K16: =J16/I16 -> 0.24 | L16: 2 | M16: =K16/L16 -> 0.12 | N16: 1 | P16: Pasangan Pondasi Batu Kosong
P17: Pasangan Pondasi Batu Kali (1:3)
F18: 1 M2 Gudang Semen dan Alat | G18: P | H18: 2 | I18: =1/H18 -> 0.5 | J18: 1 | K18: =J18/I18 -> 2 | L18: 3 | M18: =K18/L18 -> 0.66666667 | N18: =M18 -> 0.66666667 | P18: PEK. BETON
G19: T | H19: 1 | I19: =1/H19 -> 1 | J19: 1 | K19: =J19/I19 -> 1 | L19: 3 | M19: =K19/L19 -> 0.33333333 | N19: =M19 -> 0.33333333 | P19: Pondasi Plat
G20: KT | H20: 0.2 | I20: =1/H20 -> 5 | J20: 1 | K20: =J20/I20 -> 0.2 | L20: 3 | M20: =K20/L20 -> 0.066666667 | N20: =M20 -> 0.066666667
G21: M | H21: 0.05 | I21: =1/H21 -> 20 | J21: 1 | K21: =J21/I21 -> 0.05 | L21: 3 | M21: =K21/L21 -> 0.016666667 | N21: =M21 -> 0.016666667 | P21: Kolom
F22: PEKERJAAN GALIAN | P22: Balok
F23: 1 M3 Galian Tanah Biasa Sedalam 1 Meter | G23: P | H23: =AHSP!J332 -> 0.75 | I23: =1/H23 -> 1.3333333 | J23: ='REKAP VOLUME'!H13 -> 30.7125 | K23: =J23/I23 -> 23.034375 | L23: 7 | M23: =K23/L23 -> 3.290625 | N23: =M23 -> 3.290625 | P23: Plat Beton
G24: M | H24: =AHSP!J333 -> 0.025 | I24: =1/H24 -> 40 | J24: =J23 -> 30.7125 | K24: =J24/I24 -> 0.7678125 | L24: 7 | M24: =K24/L24 -> 0.1096875 | N24: =M24 -> 0.1096875 | P24: Ring Balok
P25: Tangga Beton Bertulang
F26: 1 M3 Galian Tanah Biasa Sedalam 2 Meter | G26: P | H26: =AHSP!J346 -> 0.9 | I26: =1/H26 -> 1.1111111 | J26: 0 | K26: =J26/I26 -> 0 | L26: 0 | M26: =K26/L26 -> #DIV/0! | N26: =M26 -> #DIV/0! | P26: PEK. DINDING
G27: M | H27: =AHSP!J347 -> 0.045 | I27: =1/H27 -> 22.222222 | J27: 0 | K27: =J27/I27 -> 0 | L27: 0 | M27: =K27/L27 -> #DIV/0! | N27: =M27 -> #DIV/0! | P27: Pasangan Dinding Batu Bata (1:4)
P28: Pasangan Dinding Batu Bata (1:2)
F29: 1 M3 Galian Tanah Biasa Sedalam 3 Meter | G29: P | H29: =AHSP!J360 -> 1.05 | I29: =1/H29 -> 0.95238095 | J29: 0 | K29: =J29/I29 -> 0 | L29: 0 | M29: =K29/L29 -> #DIV/0! | N29: =M29 -> #DIV/0! | P29: Pasangan Kusen Pintu dan Jendela
G30: M | H30: =AHSP!J361 -> 0.067 | I30: =1/H30 -> 14.925373 | J30: 0 | K30: =J30/I30 -> 0 | L30: 0 | M30: =K30/L30 -> #DIV/0! | N30: =M30 -> #DIV/0! | P30: PEK. KAP DAN ATAP
P31: Pekerjaan Balok Dinding
F32: 1 M3 Galian Tanah Keras Sedalam 1 Meter | G32: P | H32: =AHSP!J374 -> 1 | I32: =1/H32 -> 1 | J32: 0 | K32: =J32/I32 -> 0 | L32: 0 | M32: =K32/L32 -> #DIV/0! | N32: =M32 -> #DIV/0! | P32: Pekerjaan Kuda-Kuda Kayu
G33: M | H33: =AHSP!J375 -> 0.032 | I33: =1/H33 -> 31.25 | J33: 0 | K33: =J33/I33 -> 0 | L33: 0 | M33: =K33/L33 -> #DIV/0! | N33: =M33 -> #DIV/0! | P33: Pekerjaan rangka Atap
P34: Papan Lisplank
A35: www.rabotomatis.com | F35: 1 M3 Galian Tanah Cadas Sedalam 1 Meter | G35: P | H35: =AHSP!J388 -> 1.5 | I35: =1/H35 -> 0.66666667 | J35: 0 | K35: =J35/I35 -> 0 | L35: 0 | M35: =K35/L35 -> #DIV/0! | N35: =M35 -> #DIV/0! | P35: Pemasangan Gording, Nog
G36: M | H36: =AHSP!J389 -> 0.06 | I36: =1/H36 -> 16.666667 | J36: 0 | K36: =J36/I36 -> 0 | L36: 0 | M36: =K36/L36 -> #DIV/0! | N36: =M36 -> #DIV/0! | P36: Pemasangan Talang
P37: Pemasangan Atap Sakura Roof
F38: 1 M3 Galian Tanah Lumpur Sedalam 1 Meter | G38: P | H38: =AHSP!J402 -> 1.2 | I38: =1/H38 -> 0.83333333 | J38: 0 | K38: =J38/I38 -> 0 | L38: 0 | M38: =K38/L38 -> #DIV/0! | N38: =M38 -> #DIV/0! | P38: Pemasangan Perabung
G39: M | H39: =AHSP!J403 -> 0.045 | I39: =1/H39 -> 22.222222 | J39: 0 | K39: =J39/I39 -> 0 | L39: 0 | M39: =K39/L39 -> #DIV/0! | N39: =M39 -> #DIV/0! | P39: PEKERJAAN PLAFON
P40: Rangka Plafon
F41: 1 M3 Urugan Kembali Galian Tanah | G41: P | H41: =AHSP!J445 -> 0.25 | I41: =1/H41 -> 4 | J41: ='REKAP VOLUME'!H14 -> 26.878125 | K41: =J41/I41 -> 6.7195313 | L41: 2 | M41: =K41/L41 -> 3.3597656 | N41: =M41 -> 3.3597656 | P41: Plafond Gypsum
G42: M | H42: =AHSP!J446 -> 0.025 | I42: =1/H42 -> 40 | J42: =J41 -> 26.878125 | K42: =J42/I42 -> 0.67195313 | L42: 2 | M42: =K42/L42 -> 0.33597656 | N42: 1 | P42: Memasang Lis Plafond
P43: PEKERJAAN PLASTERAN
F44: 1 M3 Pemadatan Tanah | G44: P | H44: =AHSP!J459 -> 0.5 | I44: =1/H44 -> 2 | J44: 0 | K44: =J44/I44 -> 0 | L44: 0 | M44: =K44/L44 -> #DIV/0! | N44: =M44 -> #DIV/0! | P44: Plasteran Dinding (1:2)
G45: M | H45: =AHSP!J460 -> 0.05 | I45: =1/H45 -> 20 | J45: 0 | K45: =J45/I45 -> 0 | L45: 0 | M45: =K45/L45 -> #DIV/0! | N45: =M45 -> #DIV/0! | P45: Plasteran Dinding (1:4)
P46: Pasangan Dinding Porslin
F47: PEKERJAAN PONDASI BATU KALI | P47: Acian
F48: 1 M3 Urugan Pasir Bawah Pondasi | G48: P | H48: =AHSP!J473 -> 0.3 | I48: =1/H48 -> 3.3333333 | J48: ='REKAP VOLUME'!H15 -> 2.025 | K48: =J48/I48 -> 0.6075 | L48: 1 | M48: =K48/L48 -> 0.6075 | N48: =M48 -> 0.6075 | P48: PEKERJAAN LANTAI
G49: M | H49: =AHSP!J474 -> 0.01 | I49: =1/H49 -> 100 | J49: =J48 -> 2.025 | K49: =J49/I49 -> 0.02025 | L49: 1 | M49: =K49/L49 -> 0.02025 | N49: =M49 -> 0.02025 | P49: Urugan Pasir
P50: Pasangan Lantai Kramik
F51: 1 M3 Pasangan Pondasi Batu Kosong | G51: P | H51: =AHSP!J693 -> 0.78 | I51: =1/H51 -> 1.2820513 | J51: ='REKAP VOLUME'!H19 -> 6.075 | K51: =J51/I51 -> 4.7385 | L51: 3 | M51: =K51/L51 -> 1.5795 | N51: =M51 -> 1.5795 | P51: PEK. PINTU DAN JENDELA
G52: T | H52: =AHSP!J694 -> 0.39 | I52: =1/H52 -> 2.5641026 | J52: =J51 -> 6.075 | K52: =J52/I52 -> 2.36925 | L52: 3 | M52: =K52/L52 -> 0.78975 | N52: =M52 -> 0.78975 | P52: Pintu dan Jendela kaca
G53: KT | H53: =AHSP!J695 -> 0.039 | I53: =1/H53 -> 25.641026 | J53: =J52 -> 6.075 | K53: =J53/I53 -> 0.236925 | L53: 3 | M53: =K53/L53 -> 0.078975 | N53: =M53 -> 0.078975 | P53: Kaca Tebal 5 MM
G54: M | H54: =AHSP!J696 -> 0.039 | I54: =1/H54 -> 25.641026 | J54: =J53 -> 6.075 | K54: =J54/I54 -> 0.236925 | L54: 3 | M54: =K54/L54 -> 0.078975 | N54: =M54 -> 0.078975 | P54: Pasangan Engsel Pintu
P55: Pasangan Kunci Tanam Antik
F56: 1 M3 Pasangan Pondasi Batu Kali (1:3) | G56: P | H56: =AHSP!J538 -> 1.5 | I56: =1/H56 -> 0.66666667 | J56: ='REKAP VOLUME'!H20 -> 18 | K56: =J56/I56 -> 27 | L56: 10 | M56: =K56/L56 -> 2.7 | N56: =M56 -> 2.7 | P56: PEKERJAAN PENGECATAN
G57: T | H57: =AHSP!J539 -> 0.75 | I57: =1/H57 -> 1.3333333 | J57: =J56 -> 18 | K57: =J57/I57 -> 13.5 | L57: 10 | M57: =K57/L57 -> 1.35 | N57: =M57 -> 1.35 | P57: Mendempul dan Menggosok Kayu
G58: KT | H58: =AHSP!J540 -> 0.075 | I58: =1/H58 -> 13.333333 | J58: =J57 -> 18 | K58: =J58/I58 -> 1.35 | L58: 10 | M58: =K58/L58 -> 0.135 | N58: =M58 -> 0.135 | P58: Mengecat Kayu Baru
G59: M | H59: =AHSP!J541 -> 0.075 | I59: =1/H59 -> 13.333333 | J59: =J58 -> 18 | K59: =J59/I59 -> 1.35 | L59: 10 | M59: =K59/L59 -> 0.135 | N59: =M59 -> 0.135 | P59: Mengecat Tembok Baru
P60: PEK. PERLWNGKAPAN DALAM
P61: Pekerjaan Pasangan Listrik
P62: Pekerjaan Sanitasi
P63: PEK. PERLENGKAPAN LUAR
P64: Rabat Beton (1:2:3)
P65: Bak Kontrol
P66: Septictank
P67: Resapan
E73: IV | F73: PEKERJAAN BETON
F74: Cor Beton Sloof 20x25 cm
F75: a. Pembesian | G75: P | H75: =AHSP!J$1090 -> 0.07 | I75: =1/H75 -> 14.285714 | J75: ='HITUNG RAB'!J$31 -> 189.58125 | K75: =J75/I75 -> 13.270688 | L75: 4 | M75: =K75/L75 -> 3.3176719 | N75: =M75 -> 3.3176719
G76: T | H76: =AHSP!J$1091 -> 0.07 | I76: =1/H76 -> 14.285714 | J76: ='HITUNG RAB'!J$31 -> 189.58125 | K76: =J76/I76 -> 13.270688 | L76: 4 | M76: =K76/L76 -> 3.3176719 | N76: =M76 -> 3.3176719
G77: KT | H77: =AHSP!J$1092 -> 0.007 | I77: =1/H77 -> 142.85714 | J77: ='HITUNG RAB'!J$31 -> 189.58125 | K77: =J77/I77 -> 1.3270688 | L77: 4 | M77: =K77/L77 -> 0.33176719 | N77: =M77 -> 0.33176719
G78: M | H78: =AHSP!J$1093 -> 0.004 | I78: =1/H78 -> 250 | J78: ='HITUNG RAB'!J$31 -> 189.58125 | K78: =J78/I78 -> 0.758325 | L78: 4 | M78: =K78/L78 -> 0.18958125 | N78: =M78 -> 0.18958125
F79: b. Bekisting | G79: P | H79: =AHSP!J$1163 -> 0.52 | I79: =1/H79 -> 1.9230769 | J79: ='HITUNG RAB'!J$32 -> 22.5 | K79: =J79/I79 -> 11.7 | L79: 3 | M79: =K79/L79 -> 3.9 | N79: =M79 -> 3.9
G80: T | H80: =AHSP!J$1164 -> 0.26 | I80: =1/H80 -> 3.8461538 | J80: ='HITUNG RAB'!J$32 -> 22.5 | K80: =J80/I80 -> 5.85 | L80: 3 | M80: =K80/L80 -> 1.95 | N80: =M80 -> 1.95
G81: KT | H81: =AHSP!J$1165 -> 0.026 | I81: =1/H81 -> 38.461538 | J81: ='HITUNG RAB'!J$32 -> 22.5 | K81: =J81/I81 -> 0.585 | L81: 3 | M81: =K81/L81 -> 0.195 | N81: =M81 -> 0.195
G82: M | H82: =AHSP!J$1166 -> 0.026 | I82: =1/H82 -> 38.461538 | J82: ='HITUNG RAB'!J$32 -> 22.5 | K82: =J82/I82 -> 0.585 | L82: 3 | M82: =K82/L82 -> 0.195 | N82: =M82 -> 0.195
F83: c. Beton | G83: P | H83: =AHSP!J$896 -> 1.65 | I83: =1/H83 -> 0.60606061 | J83: ='HITUNG RAB'!J$33 -> 2.25 | K83: =J83/I83 -> 3.7125 | L83: 1 | M83: =K83/L83 -> 3.7125 | N83: =M83 -> 3.7125
G84: T | H84: =AHSP!J$897 -> 0.275 | I84: =1/H84 -> 3.6363636 | J84: ='HITUNG RAB'!J$33 -> 2.25 | K84: =J84/I84 -> 0.61875 | L84: 1 | M84: =K84/L84 -> 0.61875 | N84: =M84 -> 0.61875
G85: KT | H85: =AHSP!J$898 -> 0.028 | I85: =1/H85 -> 35.714286 | J85: ='HITUNG RAB'!J$33 -> 2.25 | K85: =J85/I85 -> 0.063 | L85: 1 | M85: =K85/L85 -> 0.063 | N85: =M85 -> 0.063
G86: M | H86: =AHSP!J$899 -> 0.083 | I86: =1/H86 -> 12.048193 | J86: ='HITUNG RAB'!J$33 -> 2.25 | K86: =J86/I86 -> 0.18675 | L86: 1 | M86: =K86/L86 -> 0.18675 | N86: =M86 -> 0.18675
F87: Cor Kolom Praktis 15x15 cm
F88: a. Pembesian | G88: P | H88: =AHSP!J$1090 -> 0.07 | I88: =1/H88 -> 14.285714 | J88: ='HITUNG RAB'!J$35 -> 156.42833 | K88: =J88/I88 -> 10.949983 | L88: 4 | M88: =K88/L88 -> 2.7374958 | N88: =M88 -> 2.7374958
G89: T | H89: =AHSP!J$1091 -> 0.07 | I89: =1/H89 -> 14.285714 | J89: ='HITUNG RAB'!J$35 -> 156.42833 | K89: =J89/I89 -> 10.949983 | L89: 4 | M89: =K89/L89 -> 2.7374958 | N89: =M89 -> 2.7374958
G90: KT | H90: =AHSP!J$1092 -> 0.007 | I90: =1/H90 -> 142.85714 | J90: ='HITUNG RAB'!J$35 -> 156.42833 | K90: =J90/I90 -> 1.0949983 | L90: 4 | M90: =K90/L90 -> 0.27374958 | N90: =M90 -> 0.27374958
G91: M | H91: =AHSP!J$1093 -> 0.004 | I91: =1/H91 -> 250 | J91: ='HITUNG RAB'!J$35 -> 156.42833 | K91: =J91/I91 -> 0.62571333 | L91: 4 | M91: =K91/L91 -> 0.15642833 | N91: =M91 -> 0.15642833
F92: b. Bekisting | G92: P | H92: =AHSP!J$1163 -> 0.52 | I92: =1/H92 -> 1.9230769 | J92: ='HITUNG RAB'!J$36 -> 20.4 | K92: =J92/I92 -> 10.608 | L92: 3 | M92: =K92/L92 -> 3.536 | N92: =M92 -> 3.536
G93: T | H93: =AHSP!J$1164 -> 0.26 | I93: =1/H93 -> 3.8461538 | J93: ='HITUNG RAB'!J$36 -> 20.4 | K93: =J93/I93 -> 5.304 | L93: 3 | M93: =K93/L93 -> 1.768 | N93: =M93 -> 1.768
G94: KT | H94: =AHSP!J$1165 -> 0.026 | I94: =1/H94 -> 38.461538 | J94: ='HITUNG RAB'!J$36 -> 20.4 | K94: =J94/I94 -> 0.5304 | L94: 3 | M94: =K94/L94 -> 0.1768 | N94: =M94 -> 0.1768
G95: M | H95: =AHSP!J$1166 -> 0.026 | I95: =1/H95 -> 38.461538 | J95: ='HITUNG RAB'!J$36 -> 20.4 | K95: =J95/I95 -> 0.5304 | L95: 3 | M95: =K95/L95 -> 0.1768 | N95: =M95 -> 0.1768
F96: c. Beton | G96: P | H96: =AHSP!J$896 -> 1.65 | I96: =1/H96 -> 0.60606061 | J96: ='HITUNG RAB'!J$37 -> 1.53 | K96: =J96/I96 -> 2.5245 | L96: 1 | M96: =K96/L96 -> 2.5245 | N96: =M96 -> 2.5245
G97: T | H97: =AHSP!J$897 -> 0.275 | I97: =1/H97 -> 3.6363636 | J97: ='HITUNG RAB'!J$37 -> 1.53 | K97: =J97/I97 -> 0.42075 | L97: 1 | M97: =K97/L97 -> 0.42075 | N97: =M97 -> 0.42075
G98: KT | H98: =AHSP!J$898 -> 0.028 | I98: =1/H98 -> 35.714286 | J98: ='HITUNG RAB'!J$37 -> 1.53 | K98: =J98/I98 -> 0.04284 | L98: 1 | M98: =K98/L98 -> 0.04284 | N98: =M98 -> 0.04284
G99: M | H99: =AHSP!J$899 -> 0.083 | I99: =1/H99 -> 12.048193 | J99: ='HITUNG RAB'!J$37 -> 1.53 | K99: =J99/I99 -> 0.12699 | L99: 1 | M99: =K99/L99 -> 0.12699 | N99: =M99 -> 0.12699
F100: Cor Ring Balk 15x15 cm
F101: a. Pembesian | G101: P | H101: =AHSP!J$1090 -> 0.07
G102: T | H102: =AHSP!J$1091 -> 0.07
G103: KT | H103: =AHSP!J$1092 -> 0.007
G104: M | H104: =AHSP!J$1093 -> 0.004
F105: b. Bekisting | G105: P | H105: =AHSP!J$1163 -> 0.52
G106: T | H106: =AHSP!J$1164 -> 0.26
G107: KT | H107: =AHSP!J$1165 -> 0.026
G108: M | H108: =AHSP!J$1166 -> 0.026
...

Sheet PERH. TULANGAN
E2: PERITUNGAN TULANGAN
E4: No. | F4: Tipe konstruksi | G4: Panjang Ekivalen=1m3 | J4: Kebutuhan Tul. | M4: Brt Tul | N4: Berat per | O4: Kebutuhan | P4: Panjang | Q4: Luasan | R4: Jumlah Begel
G5: lbr | H5: tg | I5: panj | J5: (mm) | M5: (Kg/m') | N5: 1m' (kg) | O5: per m3 (kg) | P5: Per M3 | Q5: Bekisting (m2)
E6: A. | F6: Tulangan Pokok
E7: 1 | F7: Balok sloof 15 x 20 | G7: 0.15 | H7: 0.2 | I7: =1/(G7*H7) -> 33.333333 | J7: 4 | K7: Ø | L7: 10 | M7: =VLOOKUP(L7,$E$64:$F$71,2,0) -> 0.617 | N7: =J7*M7 -> 2.468 | O7: =I7*N7 -> 82.266667 | P7: =k_tlg_sloof_d10/(M7*12) -> 11.111111 | Q7: =2*(H7)*I7 -> 13.333333 | R7: =(1/(G7*H7))/0.2 -> 166.66667 | S7: 167
E8: 2 | F8: Kolom 15 x 15 | G8: 0.15 | H8: 0.15 | I8: =1/(G8*H8) -> 44.444444 | J8: 4 | K8: Ø | L8: 10 | M8: =VLOOKUP(L8,$E$64:$F$71,2,0) -> 0.617 | N8: =J8*M8 -> 2.468 | O8: =I8*N8 -> 109.68889 | P8: =k_tlg_kolom_1515/(M7*12) -> 14.814815 | Q8: =(2*G8+H8)*I8 -> 20 | R8: =(1/(G8*H8))/0.2 -> 222.22222 | S8: 223
E9: 3 | F9: Kolom 15 x 20 | G9: 0.15 | H9: 0.2 | I9: =1/(G9*H9) -> 33.333333 | J9: 4 | K9: Ø | L9: 10 | M9: =VLOOKUP(L9,$E$64:$F$71,2,0) -> 0.617 | N9: =J9*M9 -> 2.468 | O9: =I9*N9 -> 82.266667 | P9: =O9/(M9*12) -> 11.111111 | Q9: =(2*G9+H9)*I9 -> 16.666667 | R9: =(1/(G9*H9))/0.2 -> 166.66667 | S9: 167
E10: 4 | F10: Kolom 15 x 25 | G10: 0.15 | H10: 0.25 | I10: =1/(G10*H10) -> 26.666667 | J10: 4 | K10: Ø | L10: 10 | M10: =VLOOKUP(L10,$E$64:$F$71,2,0) -> 0.617 | N10: =J10*M10 -> 2.468 | O10: =I10*N10 -> 65.813333 | P10: =O10/(M10*12) -> 8.8888889 | Q10: =(2*G10+H10)*I10 -> 14.666667 | R10: =(1/(G10*H10))/0.2 -> 133.33333 | S10: 134
E11: 5 | F11: Kolom 15 x 30 | G11: 0.15 | H11: 0.3 | I11: =1/(G11*H11) -> 22.222222 | J11: 6 | K11: Ø | L11: 10 | M11: =VLOOKUP(L11,$E$64:$F$71,2,0) -> 0.617 | N11: =J11*M11 -> 3.702 | O11: =I11*N11 -> 82.266667 | P11: =O11/(M11*12) -> 11.111111 | Q11: =(2*G11+H11)*I11 -> 13.333333 | R11: =(1/(G11*H11))/0.2 -> 111.11111 | S11: 112
E12: 6 | F12: Kolom 20 x 20 | G12: 0.2 | H12: 0.2 | I12: =1/(G12*H12) -> 25 | J12: 4 | K12: Ø | L12: 10 | M12: =VLOOKUP(L12,$E$64:$F$71,2,0) -> 0.617 | N12: =J12*M12 -> 2.468 | O12: =I12*N12 -> 61.7 | P12: =O12/(M12*12) -> 8.3333333 | Q12: =(2*G12+H12)*I12 -> 15 | R12: =(1/(G12*H12))/0.2 -> 125 | S12: 125
E13: 7 | F13: Kolom 20 x 25 | G13: 0.2 | H13: 0.25 | I13: =1/(G13*H13) -> 20 | J13: 4 | K13: Ø | L13: 6 | M13: =VLOOKUP(L13,$E$64:$F$71,2,0) -> 0.222 | N13: =J13*M13 -> 0.888 | O13: =I13*N13 -> 17.76 | P13: =O13/(M13*12) -> 6.6666667 | Q13: =(2*G13+H13)*I13 -> 13 | R13: =(1/(G13*H13))/0.2 -> 100 | S13: 100
E14: 8 | F14: Kolom 20 x 30 | G14: 0.2 | H14: 0.3 | I14: =1/(G14*H14) -> 16.666667 | J14: 6 | K14: Ø | L14: 12 | M14: =VLOOKUP(L14,$E$64:$F$71,2,0) -> 0.888 | N14: =J14*M14 -> 5.328 | O14: =I14*N14 -> 88.8 | P14: =O14/(M14*12) -> 8.3333333 | Q14: =(2*G14+H14)*I14 -> 11.666667 | R14: =(1/(G14*H14))/0.2 -> 83.333333 | S14: 84
E15: 9 | F15: Kolom 20 x 35 | G15: 0.2 | H15: 0.35 | I15: =1/(G15*H15) -> 14.285714 | J15: 1 | K15: Ø | L15: 6 | M15: =VLOOKUP(L15,$E$64:$F$71,2,0) -> 0.222 | N15: =J15*M15 -> 0.222 | O15: =I15*N15 -> 3.1714286 | P15: =O15/(M15*12) -> 1.1904762 | Q15: =(2*G15+H15)*I15 -> 10.714286 | R15: =(1/(G15*H15))/0.2 -> 71.428571 | S15: 72
E16: 10 | F16: Kolom 20 x 40 | G16: 0.2 | H16: 0.4 | I16: =1/(G16*H16) -> 12.5 | J16: 1 | K16: Ø | L16: 6 | M16: =VLOOKUP(L16,$E$64:$F$71,2,0) -> 0.222 | N16: =J16*M16 -> 0.222 | O16: =I16*N16 -> 2.775 | P16: =O16/(M16*12) -> 1.0416667 | Q16: =(2*G16+H16)*I16 -> 10 | R16: =(1/(G16*H16))/0.2 -> 62.5 | S16: 63
E17: 11 | F17: Kolom 25 x 25 | G17: 0.25 | H17: 0.25 | I17: =1/(G17*H17) -> 16 | J17: 1 | K17: Ø | L17: 6 | M17: =VLOOKUP(L17,$E$64:$F$71,2,0) -> 0.222 | N17: =J17*M17 -> 0.222 | O17: =I17*N17 -> 3.552 | P17: =O17/(M17*12) -> 1.3333333 | Q17: =(2*G17+H17)*I17 -> 12 | R17: =(1/(G17*H17))/0.2 -> 80 | S17: 80
E18: 12 | F18: Kolom 25 x 30 | G18: 0.25 | H18: 0.3 | I18: =1/(G18*H18) -> 13.333333 | J18: 1 | K18: Ø | L18: 12 | M18: =VLOOKUP(L18,$E$64:$F$71,2,0) -> 0.888 | N18: =J18*M18 -> 0.888 | O18: =I18*N18 -> 11.84 | P18: =O18/(M18*12) -> 1.1111111 | Q18: =(2*G18+H18)*I18 -> 10.666667 | R18: =(1/(G18*H18))/0.2 -> 66.666667 | S18: 67
E19: 13 | F19: Kolom 25 x 35 | G19: 0.25 | H19: 0.35 | I19: =1/(G19*H19) -> 11.428571 | J19: 1 | K19: Ø | L19: 6 | M19: =VLOOKUP(L19,$E$64:$F$71,2,0) -> 0.222 | N19: =J19*M19 -> 0.222 | O19: =I19*N19 -> 2.5371429 | P19: =O19/(M19*12) -> 0.95238095 | Q19: =(2*G19+H19)*I19 -> 9.7142857 | R19: =(1/(G19*H19))/0.2 -> 57.142857 | S19: 58
E20: 14 | F20: Kolom 25 x 40 | G20: 0.25 | H20: 0.4 | I20: =1/(G20*H20) -> 10 | J20: 1 | K20: Ø | L20: 6 | M20: =VLOOKUP(L20,$E$64:$F$71,2,0) -> 0.222 | N20: =J20*M20 -> 0.222 | O20: =I20*N20 -> 2.22 | P20: =O20/(M20*12) -> 0.83333333 | Q20: =(2*G20+H20)*I20 -> 9 | R20: =(1/(G20*H20))/0.2 -> 50 | S20: 50
... E34: 28 | F34: Balok 20 x 20 | G34: 0.2 | H34: 0.2 | I34: =1/(G34*H34) -> 25 | J34: 1 | K34: Ø | L34: 6 | M34: =VLOOKUP(L34,$E$64:$F$71,2,0) -> 0.222 | N34: =J34*M34 -> 0.222 | O34: =I34*N34 -> 5.55 | P34: =O34/(M34*12) -> 2.0833333 | Q34: =(2*G34+H34)*I34 -> 15 | R34: =(1/(G34*H34))/0.2 -> 125 | S34: 125
A35: www.rabotomatis.com | E35: 29 | F35: Balok 20 x 25 | G35: 0.2 | H35: 0.25 | I35: =1/(G35*H35) -> 20 | J35: 1 | K35: Ø | L35: 6 | M35: =VLOOKUP(L35,$E$64:$F$71,2,0) -> 0.222 | N35: =J35*M35 -> 0.222 | O35: =I35*N35 -> 4.44 | P35: =O35/(M35*12) -> 1.6666667 | Q35: =(2*G35+H35)*I35 -> 13 | R35: =(1/(G35*H35))/0.2 -> 100 | S35: 100
E36: 30 | F36: Balok 20 x 30 | G36: 0.2 | H36: 0.3 | I36: =1/(G36*H36) -> 16.666667 | J36: 1 | K36: Ø | L36: 6 | M36: =VLOOKUP(L36,$E$64:$F$71,2,0) -> 0.222 | N36: =J36*M36 -> 0.222 | O36: =I36*N36 -> 3.7 | P36: =O36/(M36*12) -> 1.3888889 | Q36: =(2*G36+H36)*I36 -> 11.666667 | R36: =(1/(G36*H36))/0.2 -> 83.333333 | S36: 84
E37: 31 | F37: Balok 20 x 35 | G37: 0.2 | H37: 0.35 | I37: =1/(G37*H37) -> 14.285714 | J37: 1 | K37: Ø | L37: 6 | M37: =VLOOKUP(L37,$E$64:$F$71,2,0) -> 0.222 | N37: =J37*M37 -> 0.222 | O37: =I37*N37 -> 3.1714286 | P37: =O37/(M37*12) -> 1.1904762 | Q37: =(2*G37+H37)*I37 -> 10.714286 | R37: =(1/(G37*H37))/0.2 -> 71.428571 | S37: 72
E38: 32 | F38: Balok 20 x 40 | G38: 0.2 | H38: 0.4 | I38: =1/(G38*H38) -> 12.5 | J38: 1 | K38: Ø | L38: 6 | M38: =VLOOKUP(L38,$E$64:$F$71,2,0) -> 0.222 | N38: =J38*M38 -> 0.222 | O38: =I38*N38 -> 2.775 | P38: =O38/(M38*12) -> 1.0416667 | Q38: =(2*G38+H38)*I38 -> 10 | R38: =(1/(G38*H38))/0.2 -> 62.5 | S38: 63
E39: 33 | F39: Balok 25 x 25 | G39: 0.25 | H39: 0.25 | I39: =1/(G39*H39) -> 16 | J39: 1 | K39: Ø | L39: 6 | M39: =VLOOKUP(L39,$E$64:$F$71,2,0) -> 0.222 | N39: =J39*M39 -> 0.222 | O39: =I39*N39 -> 3.552 | P39: =O39/(M39*12) -> 1.3333333 | Q39: =(2*G39+H39)*I39 -> 12 | R39: =(1/(G39*H39))/0.2 -> 80 | S39: 80
E40: 34 | F40: Balok 25 x 30 | G40: 0.25 | H40: 0.3 | I40: =1/(G40*H40) -> 13.333333 | J40: 1 | K40: Ø | L40: 6 | M40: =VLOOKUP(L40,$E$64:$F$71,2,0) -> 0.222 | N40: =J40*M40 -> 0.222 | O40: =I40*N40 -> 2.96 | P40: =O40/(M40*12) -> 1.1111111 | Q40: =(2*G40+H40)*I40 -> 10.666667 | R40: =(1/(G40*H40))/0.2 -> 66.666667 | S40: 67
E41: 35 | F41: Balok 25 x 35 | G41: 0.25 | H41: 0.35 | I41: =1/(G41*H41) -> 11.428571 | J41: 1 | K41: Ø | L41: 6 | M41: =VLOOKUP(L41,$E$64:$F$71,2,0) -> 0.222 | N41: =J41*M41 -> 0.222 | O41: =I41*N41 -> 2.5371429 | P41: =O41/(M41*12) -> 0.95238095 | Q41: =(2*G41+H41)*I41 -> 9.7142857 | R41: =(1/(G41*H41))/0.2 -> 57.142857 | S41: 58
E42: 36 | F42: Balok 25 x 40 | G42: 0.25 | H42: 0.4 | I42: =1/(G42*H42) -> 10 | J42: 1 | K42: Ø | L42: 6 | M42: =VLOOKUP(L42,$E$64:$F$71,2,0) -> 0.222 | N42: =J42*M42 -> 0.222 | O42: =I42*N42 -> 2.22 | P42: =O42/(M42*12) -> 0.83333333 | Q42: =(2*G42+H42)*I42 -> 9 | R42: =(1/(G42*H42))/0.2 -> 50 | S42: 50
E43: 37 | F43: Balok 25 x 45 | G43: 0.25 | H43: 0.45 | I43: =1/(G43*H43) -> 8.8888889 | J43: 1 | K43: Ø | L43: 6 | M43: =VLOOKUP(L43,$E$64:$F$71,2,0) -> 0.222 | N43: =J43*M43 -> 0.222 | O43: =I43*N43 -> 1.9733333 | P43: =O43/(M43*12) -> 0.74074074 | Q43: =(2*G43+H43)*I43 -> 8.4444444 | R43: =(1/(G43*H43))/0.2 -> 44.444444 | S43: 45
E44: 38 | F44: Balok 25 x 50 | G44: 0.25 | H44: 0.5 | I44: =1/(G44*H44) -> 8 | J44: 1 | K44: Ø | L44: 6 | M44: =VLOOKUP(L44,$E$64:$F$71,2,0) -> 0.222 | N44: =J44*M44 -> 0.222 | O44: =I44*N44 -> 1.776 | P44: =O44/(M44*12) -> 0.66666667 | Q44: =(2*G44+H44)*I44 -> 8 | R44: =(1/(G44*H44))/0.2 -> 40 | S44: 40
E45: 39 | F45: Balok 30 x 30 | G45: 0.3 | H45: 0.3 | I45: =1/(G45*H45) -> 11.111111 | J45: 1 | K45: Ø | L45: 6 | M45: =VLOOKUP(L45,$E$64:$F$71,2,0) -> 0.222 | N45: =J45*M45 -> 0.222 | O45: =I45*N45 -> 2.4666667 | P45: =O45/(M45*12) -> 0.92592593 | Q45: =(2*G45+H45)*I45 -> 10 | R45: =(1/(G45*H45))/0.2 -> 55.555556 | S45: 56
E46: 40 | F46: Balok 30 x 35 | G46: 0.3 | H46: 0.35 | I46: =1/(G46*H46) -> 9.5238095 | J46: 7 | K46: Ø | L46: 12 | M46: =VLOOKUP(L46,$E$64:$F$71,2,0) -> 0.888 | N46: =J46*M46 -> 6.216 | O46: =I46*N46 -> 59.2 | P46: =O46/(M46*12) -> 5.5555556 | Q46: =(2*G46+H46)*I46 -> 9.047619 | R46: =(1/(G46*H46))/0.2 -> 47.619048 | S46: 48
E47: 41 | F47: Balok 30 x 40 | G47: 0.3 | H47: 0.4 | I47: =1/(G47*H47) -> 8.3333333 | J47: 1 | K47: Ø | L47: 6 | M47: =VLOOKUP(L47,$E$64:$F$71,2,0) -> 0.222 | N47: =J47*M47 -> 0.222 | O47: =I47*N47 -> 1.85 | P47: =O47/(M47*12) -> 0.69444444 | Q47: =(2*G47+H47)*I47 -> 8.3333333 | R47: =(1/(G47*H47))/0.2 -> 41.666667 | S47: 42
... E52: 46 | F52: Balok 40 x 50 | G52: 0.4 | H52: 0.5 | I52: =1/(G52*H52) -> 5 | J52: 1 | K52: Ø | L52: 6 | M52: =VLOOKUP(L52,$E$64:$F$71,2,0) -> 0.222 | N52: =J52*M52 -> 0.222 | O52: =I52*N52 -> 1.11 | P52: =O52/(M52*12) -> 0.41666667 | Q52: =(2*G52+H52)*I52 -> 6.5 | R52: =(1/(G52*H52))/0.2 -> 25 | S52: 25
E53: 47 | F53: Balok ring 15x15 | G53: 0.15 | H53: 0.15 | I53: =1/(G53*H53) -> 44.444444 | J53: 4 | K53: Ø | L53: 8 | M53: =VLOOKUP(L53,$E$64:$F$71,2,0) -> 0.395 | N53: =J53*M53 -> 1.58 | O53: =I53*N53 -> 70.222222 | P53: =O53/(M53*12) -> 14.814815 | Q53: =1*(H53+H53)*I53 -> 13.333333 | R53: =(1/(G53*H53))/0.2 -> 222.22222 | S53: 223
E54: 48 | F54: Pondasi Plat | G54: 0.25 | H54: 0.09 | I54: =1/(G54+H54) -> 2.9411765 | J54: =17+30 -> 47 | K54: Ø | L54: 12 | M54: =VLOOKUP(L54,$E$64:$F$71,2,0) -> 0.888 | N54: =J54*M54 -> 41.736 | O54: =I54*N54 -> 122.75294 | P54: =O54/(M54*12) -> 11.519608 | Q54: =1*(H54+H54)*I54 -> 0.52941176 | R54: =(1/(G54*H54))/0.2 -> 222.22222 | S54: 223
E55: 49 | F55: Plat tebal 12 cm | G55: 1 | H55: 1 | I55: =(1/(G55*H55))+10% -> 1.1 | J55: 10 | K55: Ø | L55: 10 | M55: =VLOOKUP(L55,$E$64:$F$71,2,0) -> 0.617 | N55: =J55*M55 -> 6.17 | O55: =I55*N55 -> 6.787 | P55: =O55/(M55*12) -> 0.91666667 | Q55: =1*(H55+H55)*I55 -> 2.2 | R55: =(1/(G55*H55))/0.2 -> 5 | S55: 5
E56: 50 | F56: Tangga Beton | G56: 0.12 | H56: 0.18 | I56: =1/((((G56+H56)/2)*0.27)*0.97) -> 25.455008 | J56: 19 | K56: Ø | L56: 10 | M56: =VLOOKUP(L56,$E$64:$F$71,2,0) -> 0.617 | N56: =J56*M56 -> 11.723 | O56: =I56*N56 -> 298.40906 | P56: =O56/(M56*12) -> 40.303763 | Q56: =1*(H56+H56)*I56 -> 9.163803 | R56: =(1/(G56*H56))/0.2 -> 231.48148 | S56: 232
E57: 51 | F57: Balok gantung 15cmx25cm | G57: 0.15 | H57: 0.25 | I57: =1/(G57*H57) -> 26.666667 | J57: 1 | K57: Ø | L57: 10 | M57: =VLOOKUP(L57,$E$64:$F$71,2,0) -> 0.617 | N57: =J57*M57 -> 0.617 | O57: =I57*N57 -> 16.453333 | P57: =O57/(M57*12) -> 2.2222222 | Q57: =(G57+2*H57)*I57 -> 17.333333 | R57: =(1/(G57*H57))/0.2 -> 133.33333 | S57: 134
E58: 52 | F58: Balok gantung 15cmx30cm | G58: 0.15 | H58: 0.3 | I58: =1/(G58*H58) -> 22.222222 | J58: 1 | K58: Ø | L58: 10 | M58: =VLOOKUP(L58,$E$64:$F$71,2,0) -> 0.617 | N58: =J58*M58 -> 0.617 | O58: =I58*N58 -> 13.711111 | P58: =O58/(M58*12) -> 1.8518519 | Q58: =(G58+2*H58)*I58 -> 16.666667 | R58: =(1/(G58*H58))/0.2 -> 111.11111 | S58: 112
E59: 53 | F59: Plat deck 50 cm | G59: 0.5 | H59: 0.1 | I59: =1/(G59*H59) -> 20 | J59: 1 | K59: Ø | L59: 8 | M59: =VLOOKUP(L59,$E$64:$F$71,2,0) -> 0.395 | N59: =J59*(G59+0.03)*M59 -> 0.20935 | O59: =I59*N59 -> 4.187 | P59: =O59/(M59*12) -> 0.88333333 | Q59: =1*(G59+2*H59)*I59 -> 14 | R59: =(1/(G59*H59))/0.2 -> 100 | S59: 100
E60: 54 | F60: Plat deck 110 cm | G60: 1.1 | H60: 0.1 | I60: =1/(G60*H60) -> 9.0909091 | J60: 1 | K60: Ø | L60: 10 | M60: =VLOOKUP(L60,$E$64:$F$71,2,0) -> 0.617 | N60: =J60*(G60+0.03)*M60 -> 0.69721 | O60: =I60*N60 -> 6.3382727 | P60: =O60/(M60*12) -> 0.85606061 | Q60: =1*(G60+H60)*I60 -> 10.909091 | R60: =(1/(G60*H60))/0.2 -> 45.454545 | S60: 46
E61: 55 | F61: Talang cor | G61: 0.5 | H61: 0.1 | I61: =1/(G61*H61) -> 20 | J61: 1 | K61: Ø | L61: 8 | M61: =VLOOKUP(L61,$E$64:$F$71,2,0) -> 0.395 | N61: =J61*(G61+0.03)*M61 -> 0.20935 | O61: =I61*N61 -> 4.187 | P61: =O61/(M61*12) -> 0.88333333 | Q61: =1*(G61+2*H61)*I61 -> 14 | R61: =(1/(G61*H61))/0.2 -> 100 | S61: 100
E63: Berat Besi Per m'
E64: 6 | F64: 0.222 | G64: Kg
E65: 8 | F65: 0.395 | G65: Kg
E66: 9 | F66: 0.499 | G66: Kg
E67: 10 | F67: 0.617 | G67: Kg
E68: 11 | F68: 0.764 | G68: Kg
E69: 12 | F69: 0.888 | G69: Kg
E70: 14 | F70: 1.21 | G70: Kg
E71: 15 | F71: 1.39 | G71: Kg

Sheet BOBOT PEKERJAAN
E2: BOBOT PEKERJAAN
E4: No | F4: Uraian Pekerjaan | G4: Satuan | H4: Volume | I4: Harga (Rp) | K4: Bobot (%)
I5: Satuan (Rp) | J5: Jumlah (Rp)
E6: 1 | F6: 2 | G6: 3 | H6: 4 | I6: 5 | J6: 6 = 4x5 | K6: 7
E7: I | F7: PEKERJAAN PERSIAPAN
E8: 1 | F8: Pembersihan Lahan | G8: M² | H8: =VLOOKUP(F8,RekapVolume,3,FALSE) -> 200 | I8: =HSP!J14 -> 23100 | J8: =H8*I8 -> 4620000 | K8: =J8/$J$117*100 -> 1.544014
E9: 2 | F9: Pemasangan Bouwplank | G9: M¹ | H9: =VLOOKUP(F9,RekapVolume,3,FALSE) -> 48 | I9: =HSP!J10 -> 92990 | J9: =H9*I9 -> 4463520 | K9: =J9/$J$117*100 -> 1.491718
E10: 3 | F10: Penyediaan Air Kerja | G10: LS | H10: =VLOOKUP(F10,RekapVolume,3,FALSE) -> 1 | I10: 500000 | J10: =H10*I10 -> 500000 | K10: =J10/$J$117*100 -> 0.16710108
E11: 4 | F11: Administrasi & Dokumentasi | G11: LS | H11: =VLOOKUP(F11,RekapVolume,3,FALSE) -> 1 | I11: 500000 | J11: =H11*I11 -> 500000 | K11: =J11/$J$117*100 -> 0.16710108
I12: Jumlah I | J12: =SUM(J8:J11) -> 10083520 | K12: =SUM(K8:K11) -> 3.3699342
E13: II | F13: PEKERJAAN GALIAN TANAH & URUGAN
E14: 1 | F14: Galian Tanah Pondasi | G14: M³ | H14: =VLOOKUP(F14,RekapVolume,3,FALSE) -> 30.7125 | I14: =HSP!J25 -> 107800 | J14: =H14*I14 -> 3310807.5 | K14: =J14/$J$117*100 -> 1.106479
E15: 2 | F15: Urugan Tanah Kembali | G15: M³ | H15: =VLOOKUP(F15,RekapVolume,3,FALSE) -> 26.878125 | I15: =HSP!J33 -> 39050 | J15: =H15*I15 -> 1049590.8 | K15: =J15/$J$117*100 -> 0.35077551
E16: 3 | F16: Urugan Pasir Dibawah Pondasi | G16: M³ | H16: =VLOOKUP(F16,RekapVolume,3,FALSE) -> 2.025 | I16: =HSP!J35 -> 440426 | J16: =H16*I16 -> 891862.65 | K16: =J16/$J$117*100 -> 0.29806242
E17: 4 | F17: Urugan Pasir Dibawah Lantai | G17: M³ | H17: =VLOOKUP(F17,RekapVolume,3,FALSE) -> 4.8 | I17: =HSP!J35 -> 440426 | J17: =H17*I17 -> 2114044.8 | K17: =J17/$J$117*100 -> 0.70651834
I18: Jumlah II | J18: =SUM(J14:J17) -> 7366305.7 | K18: =SUM(K14:K17) -> 2.4618353
E19: III | F19: PEKERJAAN PASANGAN & PLESTERAN
E20: 1 | F20: Pasangan Batu Kosong/Aanstamping | G20: M³ | H20: =VLOOKUP(F20,RekapVolume,3,FALSE) -> 6.075 | I20: =HSP!J49 -> 885381 | J20: =H20*I20 -> 5378689.6 | K20: =J20/$J$117*100 -> 1.7975697
E21: 2 | F21: Pasangan Pondasi Batu Gunung | G21: M³ | H21: =VLOOKUP(F21,RekapVolume,3,FALSE) -> 18 | I21: =HSP!J41 -> 1467001 | J21: =H21*I21 -> 26406018 | K21: =J21/$J$117*100 -> 8.8249483
E22: 3 | F22: Pasangan Batu Bata | G22: M² | H22: =VLOOKUP(F22,RekapVolume,3,FALSE) -> 72.1 | I22: =HSP!J154 -> 178223 | J22: =H22*I22 -> 12849878 | K22: =J22/$J$117*100 -> 4.2944571
E23: 4 | F23: Plesteran Dinding | G23: M² | H23: =VLOOKUP(F23,RekapVolume,3,FALSE) -> 135.23 | I23: =HSP!J178 -> 89498 | J23: =H23*I23 -> 12102815 | K23: =J23/$J$117*100 -> 4.0447868
E24: 5 | F24: Acian Dinding | G24: M² | H24: =VLOOKUP(F24,RekapVolume,3,FALSE) -> 135.23 | I24: =HSP!J200 -> 54406 | J24: =H24*I24 -> 7357323.4 | K24: =J24/$J$117*100 -> 2.4588334
I25: Jumlah III | J25: =SUM(J20:J24) -> 64094724 | K25: =SUM(K20:K24) -> 21.420595
E26: IV | F26: PEKERJAAN BETON
E27: 1 | F27: Cor Beton Sloof 20x25 cm
F28: a. Pembesian | G28: Kg | H28: ='REKAP VOLUME'!H27 -> 189.58125 | I28: =HSP!J71/10 -> 17691.7 | J28: =H28*I28 -> 3354014.6 | K28: =J28/$J$117*100 -> 1.1209189
F29: b. Bekisting | G29: M² | H29: ='REKAP VOLUME'!H28 -> 22.5 | I29: =HSP!J75 -> 356765 | J29: =H29*I29 -> 8027212.5 | K29: =J29/$J$117*100 -> 2.6827118
F30: c. Beton | G30: M³ | H30: ='REKAP VOLUME'!H29 -> 2.25 | I30: =HSP!J61 -> 1802958 | J30: =H30*I30 -> 4056655.5 | K30: =J30/$J$117*100 -> 1.355743
E31: 2 | F31: Cor Kolom Praktis 15x15 cm
F32: a. Pembesian | G32: Kg | H32: ='REKAP VOLUME'!H31 -> 156.42833 | I32: =HSP!J71/10 -> 17691.7 | J32: =H32*I32 -> 2767483.1 | K32: =J32/$J$117*100 -> 0.92489885
F33: b. Bekisting | G33: M² | H33: ='REKAP VOLUME'!H32 -> 20.4 | I33: =HSP!J75 -> 356765 | J33: =H33*I33 -> 7278006 | K33: =J33/$J$117*100 -> 2.4323253
F34: c. Beton | G34: M³ | H34: ='REKAP VOLUME'!H33 -> 1.53 | I34: =HSP!J61 -> 1802958 | J34: =H34*I34 -> 2758525.7 | K34: =J34/$J$117*100 -> 0.92190526
A35: www.rabotomatis.com | E35: 3 | F35: Cor Ring Balk 15x15 cm
F36: a. Pembesian | G36: Kg | H36: ='REKAP VOLUME'!H35 -> 103.51875 | I36: =HSP!J71/10 -> 17691.7 | J36: =H36*I36 -> 1831422.7 | K36: =J36/$J$117*100 -> 0.61206541
F37: b. Bekisting | G37: M² | H37: ='REKAP VOLUME'!H36 -> 13.5 | I37: =HSP!J75 -> 356765 | J37: =H37*I37 -> 4816327.5 | K37: =J37/$J$117*100 -> 1.6096271
F38: c. Beton | G38: M³ | H38: ='REKAP VOLUME'!H37 -> 1.0125 | I38: =HSP!J61 -> 1802958 | J38: =H38*I38 -> 1825495 | K38: =J38/$J$117*100 -> 0.61008437
E39: 4 | F39: Cor Teras Depan
F40: a. Pembesian | G40: Kg | H40: ='REKAP VOLUME'!H39 -> 37 | I40: =HSP!J71/10 -> 17691.7 | J40: =H40*I40 -> 654592.9 | K40: =J40/$J$117*100 -> 0.21876636
F41: b. Bekisting | G41: M² | H41: ='REKAP VOLUME'!H40 -> 3 | I41: =HSP!J78 -> 700265 | J41: =H41*I41 -> 2100795 | K41: =J41/$J$117*100 -> 0.70209023
F42: c. Beton | G42: M³ | H42: ='REKAP VOLUME'!H41 -> 0.36 | I42: =HSP!J61 -> 1802958 | J42: =H42*I42 -> 649064.88 | K42: =J42/$J$117*100 -> 0.21691889
E43: 5 | F43: Cor Teras Belakang
F44: a. Pembesian | G44: Kg | H44: ='REKAP VOLUME'!H43 -> 34.533333 | I44: =HSP!J71/10 -> 17691.7 | J44: =H44*I44 -> 610953.37 | K44: =J44/$J$117*100 -> 0.20418194
F45: b. Bekisting | G45: M² | H45: ='REKAP VOLUME'!H44 -> 2.8 | I45: =HSP!J78 -> 700265 | J45: =H45*I45 -> 1960742 | K45: =J45/$J$117*100 -> 0.65528421
F46: c. Beton | G46: M³ | H46: ='REKAP VOLUME'!H45 -> 0.336 | I46: =HSP!J61 -> 1802958 | J46: =H46*I46 -> 605793.89 | K46: =J46/$J$117*100 -> 0.20245763
I47: Jumlah IV | J47: =SUM(J28:J46) -> 43297085 | K47: =SUM(K28:K46) -> 14.469979
E48: V | F48: PEKERJAAN ATAP & PLAVOND
E49: 1 | F49: Kuda-kuda baja ringan serta reng | G49: M³ | H49: =VLOOKUP(F49,RekapVolume,3,FALSE) -> 97.680098 | I49: =HSP!J142 -> 396201 | J49: =H49*I49 -> 38700952 | K49: =J49/$J$117*100 -> 12.933942
E50: 2 | F50: Pasangan Listplank | G50: M³ | H50: =VLOOKUP(F50,RekapVolume,3,FALSE) -> 39.53602 | I50: =HSP!J355 -> 107851 | J50: =H50*I50 -> 4263999.2 | K50: =J50/$J$117*100 -> 1.4250378
E51: 3 | F51: Pasangan Atap metal ukuran 80 x 100 atap pelana | G51: M³ | H51: =VLOOKUP(F51,RekapVolume,3,FALSE) -> 97.680098 | I51: =HSP!J321 -> 114665 | J51: =H51*I51 -> 11200488 | K51: =J51/$J$117*100 -> 3.7432274
E52: 4 | F52: Rangka plafond besi hollow | G52: M³ | H52: =VLOOKUP(F52,RekapVolume,3,FALSE) -> 80 | I52: =HSP!J285 -> 423593 | J52: =H52*I52 -> 33887440 | K52: =J52/$J$117*100 -> 11.325256
E53: 5 | F53: Pasangan Plafond gypsum board | G53: M' | H53: =VLOOKUP(F53,RekapVolume,3,FALSE) -> 80 | I53: =HSP!J281 -> 64700 | J53: =H53*I53 -> 5176000 | K53: =J53/$J$117*100 -> 1.7298304
E54: 6 | F54: Pasangan List Plafond Profil | G54: M² | H54: =VLOOKUP(F54,RekapVolume,3,FALSE) -> 36 | I54: =HSP!J282 -> 41910 | J54: =H54*I54 -> 1508760 | K54: =J54/$J$117*100 -> 0.50423085
I55: Jumlah V | J55: =SUM(J49:J54) -> 94737640 | K55: =SUM(K49:K54) -> 31.661524
E56: VI | F56: PEKERJAAN KUSEN PINTU & JENDELA
E57: 1 | F57: Kayu Kusen Kelas II (5/12) | G57: M³ | H57: =VLOOKUP(F57,RekapVolume,3,FALSE) -> 0.3504 | I57: =HSP!J336 -> 10054189 | J57: =H57*I57 -> 3522987.8 | K57: =J57/$J$117*100 -> 1.1773901
E58: 2 | F58: Pasangan Daun Pintu Panel Kayu | G58: M² | H58: =VLOOKUP(F58,RekapVolume,3,FALSE) -> 6.528 | I58: =HSP!J339 -> 902665 | J58: =H58*I58 -> 5892597.1 | K58: =J58/$J$117*100 -> 1.9693187
E59: 3 | F59: Daun Pintu Double Taewood | G59: M² | H59: =VLOOKUP(F59,RekapVolume,3,FALSE) -> 1.428 | I59: =HSP!J345 -> 767120 | J59: =H59*I59 -> 1095447.4 | K59: =J59/$J$117*100 -> 0.36610087
E60: 4 | F60: Pasangan Daun Jendela Kaca | G60: M² | H60: =VLOOKUP(F60,RekapVolume,3,FALSE) -> 1.442 | I60: =HSP!J340 -> 680859 | J60: =H60*I60 -> 981798.68 | K60: =J60/$J$117*100 -> 0.32811924
E61: 5 | F61: Pasangan Lubang Angin | G61: M² | H61: =VLOOKUP(F61,RekapVolume,3,FALSE) -> 2.304 | I61: =HSP!J344 -> 822685 | J61: =H61*I61 -> 1895466.2 | K61: =J61/$J$117*100 -> 0.63346891
I62: Jumlah VI | J62: =SUM(J57:J61) -> 13388297 | K62: =SUM(K57:K61) -> 4.4743979
E63: VII | F63: PEKERJAAN LANTAI & KERAMIK
E64: 1 | F64: Pasangan Tegel Keramik (30/30) | G64: M² | H64: =VLOOKUP(F64,RekapVolume,3,FALSE) -> 44.37 | I64: =HSP!J239 -> 302112 | J64: =H64*I64 -> 13404709 | K64: =J64/$J$117*100 -> 4.4798829
E65: 2 | F65: Pasangan Tegel Keramik (20/20) | G65: M² | H65: =VLOOKUP(F65,RekapVolume,3,FALSE) -> 2.88 | I65: =HSP!J240 -> 351087 | J65: =H65*I65 -> 1011130.6 | K65: =J65/$J$117*100 -> 0.33792202
I66: Jumlah VII | J66: =SUM(J64:J65) -> 14415840 | K66: =SUM(K64:K65) -> 4.8178049
E67: VIII | F67: PEKERJAAN PENGGANTUNG & PENGUNCI
E68: 1 | F68: Pasangan Kunci Tanam Biasa | G68: BH | H68: =VLOOKUP(F68,RekapVolume,3,FALSE) -> 4 | I68: =HSP!J366 -> 269775 | J68: =H68*I68 -> 1079100 | K68: =J68/$J$117*100 -> 0.36063755
E69: 2 | F69: Pasangan Kunci KM/WC | G69: BH | H69: =VLOOKUP(F69,RekapVolume,3,FALSE) -> 1 | I69: =HSP!J367 -> 157173 | J69: =H69*I69 -> 157173 | K69: =J69/$J$117*100 -> 0.052527556
E70: 3 | F70: Pasangan Kunci Slot Pintu | G70: BH | H70: =VLOOKUP(F70,RekapVolume,3,FALSE) -> 5 | I70: =HSP!J375 -> 108317 | J70: =H70*I70 -> 541585 | K70: =J70/$J$117*100 -> 0.18099888
E71: 4 | F71: Pasangan Kunci Slot Jendela | G71: BH | H71: =VLOOKUP(F71,RekapVolume,3,FALSE) -> 4 | I71: =HSP!J375 -> 108317 | J71: =H71*I71 -> 433268 | K71: =J71/$J$117*100 -> 0.1447991
E72: 5 | F72: pasangan Engsel Pintu | G72: BH | H72: =VLOOKUP(F72,RekapVolume,3,FALSE) -> 15 | I72: =HSP!J369 -> 53246 | J72: =H72*I72 -> 798690 | K72: =J72/$J$117*100 -> 0.26692392
E73: 6 | F73: Pasangan Engsel Jendela | G73: BH | H73: =VLOOKUP(F73,RekapVolume,3,FALSE) -> 8 | I73: =HSP!J370 -> 44863 | J73: =H73*I73 -> 358904 | K73: =J73/$J$117*100 -> 0.11994649
E74: 7 | F74: Pasangan Kait Angin | G74: BH | H74: =VLOOKUP(F74,RekapVolume,3,FALSE) -> 8 | I74: =HSP!J373 -> 38291 | J74: =H74*I74 -> 306328 | K74: =J74/$J$117*100 -> 0.10237548
I75: Jumlah VIII | J75: =SUM(J68:J74) -> 3675048 | K75: =SUM(K68:K74) -> 1.228209
E76: IX | F76: PEKERJAAN INSTALASI LISTRIK & AIR
E77: 1 | F77: Lampu TL 20W | G77: BH | H77: =VLOOKUP(F77,RekapVolume,3,FALSE) -> 2 | I77: =HSP!J454 -> 306611 | J77: =H77*I77 -> 613222 | K77: =J77/$J$117*100 -> 0.20494012
E78: 2 | F78: Lampu Pijar 25W | G78: BH | H78: =VLOOKUP(F78,RekapVolume,3,FALSE) -> 5 | I78: =HSP!J454 -> 306611 | J78: =H78*I78 -> 1533055 | K78: =J78/$J$117*100 -> 0.51235029
E79: 3 | F79: Lampu Pijar 5W | G79: BH | H79: =VLOOKUP(F79,RekapVolume,3,FALSE) -> 1 | I79: =HSP!J454 -> 306611 | J79: =H79*I79 -> 306611 | K79: =J79/$J$117*100 -> 0.10247006
E80: 4 | F80: Saklar Ganda | G80: BH | H80: =VLOOKUP(F80,RekapVolume,3,FALSE) -> 2 | I80: =HSP!J455 -> 84535 | J80: =H80*I80 -> 169070 | K80: =J80/$J$117*100 -> 0.056503559
E81: 5 | F81: Saklar Tunggal | G81: BH | H81: =VLOOKUP(F81,RekapVolume,3,FALSE) -> 4 | I81: =HSP!J456 -> 77935 | J81: =H81*I81 -> 311740 | K81: =J81/$J$117*100 -> 0.10418418
E82: 6 | F82: Stop Kontak | G82: BH | H82: =VLOOKUP(F82,RekapVolume,3,FALSE) -> 4 | I82: =HSP!J457 -> 70697 | J82: =H82*I82 -> 282788 | K82: =J82/$J$117*100 -> 0.094508361
E83: 7 | F83: MCB-BOX | G83: BH | H83: =VLOOKUP(F83,RekapVolume,3,FALSE) -> 1 | I83: =HSP!J458 -> 496870 | J83: =H83*I83 -> 496870 | K83: =J83/$J$117*100 -> 0.16605503
E84: 8 | F84: Pasangan Kloset Duduk | G84: BH | H84: =VLOOKUP(F84,RekapVolume,3,FALSE) -> 1 | I84: =HSP!J414 -> 2407185 | J84: =H84*I84 -> 2407185 | K84: =J84/$J$117*100 -> 0.80448643
E85: 9 | F85: Pasangan Bak Air Viber | G85: BH | H85: =VLOOKUP(F85,RekapVolume,3,FALSE) -> 1 | I85: =HSP!J423 -> 611387 | J85: =H85*I85 -> 611387 | K85: =J85/$J$117*100 -> 0.20432686
E86: 10 | F86: Kran Air | G86: BH | H86: =VLOOKUP(F86,RekapVolume,3,FALSE) -> 4 | I86: =HSP!J432 -> 110331 | J86: =H86*I86 -> 441324 | K86: =J86/$J$117*100 -> 0.14749143
E87: 11 | F87: Pasangan Floor Drain | G87: BH | H87: =VLOOKUP(F87,RekapVolume,3,FALSE) -> 1 | I87: =HSP!J427 -> 328625 | J87: =H87*I87 -> 328625 | K87: =J87/$J$117*100 -> 0.10982719
E88: 12 | F88: Bak Cuci Piring | G88: BH | H88: =VLOOKUP(F88,RekapVolume,3,FALSE) -> 1 | I88: =HSP!J425 -> 678315 | J88: =H88*I88 -> 678315 | K88: =J88/$J$117*100 -> 0.22669434
I89: Jumlah IX | J89: =SUM(J77:J88) -> 8180192 | K89: =SUM(K77:K88) -> 2.7338378
E90: X | F90: PEKERJAAN FINISHING
E91: 1 | F91: Cat Tembok | G91: M² | H91: =VLOOKUP(F91,RekapVolume,3,FALSE) -> 135.23 | I91: =HSP!J399 -> 37532 | J91: =H91*I91 -> 5075452.4 | K91: =J91/$J$117*100 -> 1.6962271
E92: 2 | F92: Cat Plafond | G92: M² | H92: =VLOOKUP(F92,RekapVolume,3,FALSE) -> 80 | I92: =HSP!J399 -> 37532 | J92: =H92*I92 -> 3002560 | K92: =J92/$J$117*100 -> 1.003462
E93: 3 | F93: Manie Kayu | G93: M² | H93: =VLOOKUP(F93,RekapVolume,3,FALSE) -> 13.966004 | I93: =HSP!J405 -> 43847 | J93: =H93*I93 -> 612367.37 | K93: =J93/$J$117*100 -> 0.2046545
E94: 4 | F94: Cat Kayu | G94: M² | H94: =VLOOKUP(F94,RekapVolume,3,FALSE) -> 13.966004 | I94: =HSP!J393 -> 52538 | J94: =H94*I94 -> 733745.91 | K94: =J94/$J$117*100 -> 0.24521947
I95: Jumlah X | J95: =SUM(J91:J94) -> 9424125.6 | K95: =SUM(K91:K94) -> 3.1495632
E96: XI | F96: PEKERJAAN SEPTITANK & PERESAPAN
E97: 1 | F97: Galian Tanah | G97: M³ | H97: =VLOOKUP(F97,RekapVolume,3,FALSE) -> 12.774 | I97: =HSP!J25 -> 107800 | J97: =H97*I97 -> 1377037.2 | K97: =J97/$J$117*100 -> 0.46020881
E98: 2 | F98: Plesteran Transram | G98: M² | H98: =VLOOKUP(F98,RekapVolume,3,FALSE) -> 24.96 | I98: =HSP!J174 -> 108051 | J98: =H98*I98 -> 2696953 | K98: =J98/$J$117*100 -> 0.90132751
E99: 3 | F99: Pekerjaan Pasangan Batu Kosong | G99: M³ | H99: =VLOOKUP(F99,RekapVolume,3,FALSE) -> 0.432 | I99: =HSP!J49 -> 885381 | J99: =H99*I99 -> 382484.59 | K99: =J99/$J$117*100 -> 0.12782718
E100: 4 | F100: Pekerjaan Urugan Pasir | G100: M³ | H100: =VLOOKUP(F100,RekapVolume,3,FALSE) -> 0.4275 | I100: =HSP!J35 -> 440426 | J100: =H100*I100 -> 188282.12 | K100: =J100/$J$117*100 -> 0.06292429
E101: 5 | F101: Pekerjaan Urugan Batu Pecah (5/7) | G101: M³ | H101: =VLOOKUP(F101,RekapVolume,3,FALSE) -> 0.432 | I101: =HSP!J38 -> 401852 | J101: =H101*I101 -> 173600.06 | K101: =J101/$J$117*100 -> 0.058017517
E102: 6 | F102: Pekerjaan Urugan Batu Pecah (3/5) | G102: M³ | H102: =VLOOKUP(F102,RekapVolume,3,FALSE) -> 0.432 | I102: =HSP!J38 -> 401852 | J102: =H102*I102 -> 173600.06 | K102: =J102/$J$117*100 -> 0.058017517
...

Sheet KURVA-S
E2: KURVA - S
E4: No | F4: Uraian Pekerjaan | H4: Satuan | I4: Volume | J4: Harga (Rp) | L4: Bobot (%) | M4: Bulan I | Q4: Bulan II | U4: Bulan III
J5: Satuan (Rp) | K5: Jumlah (Rp) | M5: 1 (7 Hari) | N5: 2 (7 Hari) | O5: 3 (7 Hari) | P5: 4 (7 Hari) | Q5: 5 (7 Hari) | R5: 6 (7 Hari) | S5: 7 (7 Hari) | T5: 8 (7 Hari) | U5: 9 (7 Hari) | V5: 10 (7 Hari) | W5: 11 (7 Hari)
E6: I | F6: PEKERJAAN PERSIAPAN
E7: 1 | F7: Pembersihan Lahan | H7: M² | I7: =VLOOKUP(F7,RekapVolume,3,FALSE) -> 200 | J7: =HSP!J14 -> 23100 | K7: =I7*J7 -> 4620000 | L7: =K7/$K$116*100 -> 1.544014 | M7: =L7 -> 1.544014
E8: 2 | F8: Pemasangan Bouwplank | H8: M¹ | I8: =VLOOKUP(F8,RekapVolume,3,FALSE) -> 48 | J8: =HSP!J10 -> 92990 | K8: =I8*J8 -> 4463520 | L8: =K8/$K$116*100 -> 1.491718 | M8: =L8 -> 1.491718
E9: 3 | F9: Penyediaan Air Kerja | H9: LS | I9: =VLOOKUP(F9,RekapVolume,3,FALSE) -> 1 | J9: 500000 | K9: =I9*J9 -> 500000 | L9: =K9/$K$116*100 -> 0.16710108 | M9: =$L$9/3 -> 0.05570036 | Q9: =$L$9/3 -> 0.05570036 | U9: =$L$9/3 -> 0.05570036
E10: 4 | F10: Administrasi & Dokumentasi | H10: LS | I10: =VLOOKUP(F10,RekapVolume,3,FALSE) -> 1 | J10: 500000 | K10: =I10*J10 -> 500000 | L10: =K10/$K$116*100 -> 0.16710108 | M10: =$L$10/4 -> 0.04177527 | Q10: =$L$10/4 -> 0.04177527 | U10: =$L$10/4 -> 0.04177527 | W10: =$L$10/4 -> 0.04177527
J11: Jumlah I | K11: =SUM(K7:K10) -> 10083520 | L11: =SUM(L7:L10) -> 3.3699342
E12: II | F12: PEKERJAAN GALIAN TANAH & URUGAN
E13: 1 | F13: Galian Tanah Pondasi | H13: M³ | I13: =VLOOKUP(F13,RekapVolume,3,FALSE) -> 30.7125 | J13: =HSP!J25 -> 107800 | K13: =I13*J13 -> 3310807.5 | L13: =K13/$K$116*100 -> 1.106479 | M13: =$L$13/2 -> 0.55323951 | N13: =$L$13/2 -> 0.55323951
E14: 2 | F14: Urugan Tanah Kembali | H14: M³ | I14: =VLOOKUP(F14,RekapVolume,3,FALSE) -> 26.878125 | J14: =HSP!J33 -> 39050 | K14: =I14*J14 -> 1049590.8 | L14: =K14/$K$116*100 -> 0.35077551 | O14: =L14 -> 0.35077551
E15: 3 | F15: Urugan Pasir Dibawah Pondasi | H15: M³ | I15: =VLOOKUP(F15,RekapVolume,3,FALSE) -> 2.025 | J15: =HSP!J35 -> 440426 | K15: =I15*J15 -> 891862.65 | L15: =K15/$K$116*100 -> 0.29806242 | O15: =L15 -> 0.29806242
E16: 4 | F16: Urugan Pasir Dibawah Lantai | H16: M³ | I16: =VLOOKUP(F16,RekapVolume,3,FALSE) -> 4.8 | J16: =HSP!J35 -> 440426 | K16: =I16*J16 -> 2114044.8 | L16: =K16/$K$116*100 -> 0.70651834 | O16: =L16 -> 0.70651834
J17: Jumlah II | K17: =SUM(K13:K16) -> 7366305.7 | L17: =SUM(L13:L16) -> 2.4618353
E18: III | F18: PEKERJAAN PASANGAN & PLESTERAN
E19: 1 | F19: Pasangan Batu Kosong/Aanstamping | H19: M³ | I19: =VLOOKUP(F19,RekapVolume,3,FALSE) -> 6.075 | J19: =HSP!J49 -> 885381 | K19: =I19*J19 -> 5378689.6 | L19: =K19/$K$116*100 -> 1.7975697 | M19: =$L$19/2 -> 0.89878484 | N19: =$L$19/2 -> 0.89878484
E20: 2 | F20: Pasangan Pondasi Batu Gunung | H20: M³ | I20: =VLOOKUP(F20,RekapVolume,3,FALSE) -> 18 | J20: =HSP!J41 -> 1467001 | K20: =I20*J20 -> 26406018 | L20: =K20/$K$116*100 -> 8.8249483 | N20: 0.5 | O20: =$L$20/3 -> 2.9416494 | P20: =$L$20/3 -> 2.9416494 | Q20: 2.05
E21: 3 | F21: Pasangan Batu Bata | H21: M² | I21: =VLOOKUP(F21,RekapVolume,3,FALSE) -> 72.1 | J21: =HSP!J154 -> 178223 | K21: =I21*J21 -> 12849878 | L21: =K21/$K$116*100 -> 4.2944571 | O21: =$L$21/3 -> 1.4314857 | P21: =$L$21/3 -> 1.4314857 | Q21: =$L$21/3 -> 1.4314857
E22: 4 | F22: Plesteran Dinding | H22: M² | I22: =VLOOKUP(F22,RekapVolume,3,FALSE) -> 135.23 | J22: =HSP!J178 -> 89498 | K22: =I22*J22 -> 12102815 | L22: =K22/$K$116*100 -> 4.0447868 | P22: =$L$22/3 -> 1.3482623 | Q22: =$L$22/3 -> 1.3482623 | R22: =$L$22/3 -> 1.3482623
E23: 5 | F23: Acian Dinding | H23: M² | I23: =VLOOKUP(F23,RekapVolume,3,FALSE) -> 135.23 | J23: =HSP!J200 -> 54406 | K23: =I23*J23 -> 7357323.4 | L23: =K23/$K$116*100 -> 2.4588334 | R23: =$L$23/2 -> 1.2294167 | S23: =$L$23/2 -> 1.2294167
J24: Jumlah III | K24: =SUM(K19:K23) -> 64094724 | L24: =SUM(L19:L23) -> 21.420595
E25: IV | F25: PEKERJAAN BETON
E26: 1 | F26: Cor Beton Sloof 20x25 cm
F27: a. Pembesian | H27: Kg | I27: ='REKAP VOLUME'!H27 -> 189.58125 | J27: =HSP!J71/10 -> 17691.7 | K27: =I27*J27 -> 3354014.6 | L27: =K27/$K$116*100 -> 1.1209189 | N27: =L27 -> 1.1209189
F28: b. Bekisting | H28: M² | I28: ='REKAP VOLUME'!H28 -> 22.5 | J28: =HSP!J75 -> 356765 | K28: =I28*J28 -> 8027212.5 | L28: =K28/$K$116*100 -> 2.6827118 | N28: 0.58 | O28: =$L$28/2 -> 1.3413559 | P28: 0.58
F29: c. Beton | H29: M³ | I29: ='REKAP VOLUME'!H29 -> 2.25 | J29: =HSP!J61 -> 1802958 | K29: =I29*J29 -> 4056655.5 | L29: =K29/$K$116*100 -> 1.355743 | N29: =$L$29/2 -> 0.67787152 | O29: =$L$29/2 -> 0.67787152
E30: 2 | F30: Cor Kolom Praktis 15x15 cm
F31: a. Pembesian | H31: Kg | I31: ='REKAP VOLUME'!H31 -> 156.42833 | J31: =HSP!J71/10 -> 17691.7 | K31: =I31*J31 -> 2767483.1 | L31: =K31/$K$116*100 -> 0.92489885 | N31: =$L$31/3 -> 0.30829962 | O31: =$L$31/3 -> 0.30829962 | P31: =$L$31/3 -> 0.30829962
F32: b. Bekisting | H32: M² | I32: ='REKAP VOLUME'!H32 -> 20.4 | J32: =HSP!J75 -> 356765 | K32: =I32*J32 -> 7278006 | L32: =K32/$K$116*100 -> 2.4323253 | N32: =$L$32/3 -> 0.81077511 | O32: =$L$32/3 -> 0.81077511 | P32: =$L$32/3 -> 0.81077511
F33: c. Beton | H33: M³ | I33: ='REKAP VOLUME'!H33 -> 1.53 | J33: =HSP!J61 -> 1802958 | K33: =I33*J33 -> 2758525.7 | L33: =K33/$K$116*100 -> 0.92190526 | N33: =$L$33/3 -> 0.30730175 | O33: =$L$33/3 -> 0.30730175 | P33: =$L$33/3 -> 0.30730175
E34: 3 | F34: Cor Ring Balk 15x15 cm
A35: www.rabotomatis.com | F35: a. Pembesian | H35: Kg | I35: ='REKAP VOLUME'!H35 -> 103.51875 | J35: =HSP!J71/10 -> 17691.7 | K35: =I35*J35 -> 1831422.7 | L35: =K35/$K$116*100 -> 0.61206541 | R35: =L35 -> 0.61206541
F36: b. Bekisting | H36: M² | I36: ='REKAP VOLUME'!H36 -> 13.5 | J36: =HSP!J75 -> 356765 | K36: =I36*J36 -> 4816327.5 | L36: =K36/$K$116*100 -> 1.6096271 | R36: =L36 -> 1.6096271
F37: c. Beton | H37: M³ | I37: ='REKAP VOLUME'!H37 -> 1.0125 | J37: =HSP!J61 -> 1802958 | K37: =I37*J37 -> 1825495 | L37: =K37/$K$116*100 -> 0.61008437 | R37: =L37 -> 0.61008437
E38: 4 | F38: Cor Teras Depan
F39: a. Pembesian | H39: Kg | I39: ='REKAP VOLUME'!H39 -> 37 | J39: =HSP!J71/10 -> 17691.7 | K39: =I39*J39 -> 654592.9 | L39: =K39/$K$116*100 -> 0.21876636 | R39: =L39 -> 0.21876636
F40: b. Bekisting | H40: M² | I40: ='REKAP VOLUME'!H40 -> 3 | J40: =HSP!J78 -> 700265 | K40: =I40*J40 -> 2100795 | L40: =K40/$K$116*100 -> 0.70209023 | R40: =L40 -> 0.70209023
F41: c. Beton | H41: M³ | I41: ='REKAP VOLUME'!H41 -> 0.36 | J41: =HSP!J61 -> 1802958 | K41: =I41*J41 -> 649064.88 | L41: =K41/$K$116*100 -> 0.21691889 | R41: =L41 -> 0.21691889
E42: 5 | F42: Cor Teras Belakang
F43: a. Pembesian | H43: Kg | I43: ='REKAP VOLUME'!H43 -> 34.533333 | J43: =HSP!J71/10 -> 17691.7 | K43: =I43*J43 -> 610953.37 | L43: =K43/$K$116*100 -> 0.20418194 | R43: =L43 -> 0.20418194
F44: b. Bekisting | H44: M² | I44: ='REKAP VOLUME'!H44 -> 2.8 | J44: =HSP!J78 -> 700265 | K44: =I44*J44 -> 1960742 | L44: =K44/$K$116*100 -> 0.65528421 | R44: =L44 -> 0.65528421
F45: c. Beton | H45: M³ | I45: ='REKAP VOLUME'!H45 -> 0.336 | J45: =HSP!J61 -> 1802958 | K45: =I45*J45 -> 605793.89 | L45: =K45/$K$116*100 -> 0.20245763 | R45: =L45 -> 0.20245763
J46: Jumlah IV | K46: =SUM(K27:K45) -> 43297085 | L46: =SUM(L27:L45) -> 14.469979
E47: V | F47: PEKERJAAN ATAP & PLAVOND
E48: 1 | F48: Kuda-kuda baja ringan serta reng | H48: M³ | I48: =VLOOKUP(F48,RekapVolume,3,FALSE) -> 97.680098 | J48: =HSP!J142 -> 396201 | K48: =I48*J48 -> 38700952 | L48: =K48/$K$116*100 -> 12.933942 | R48: =$L$48/3 -> 4.311314 | S48: =$L$48/3 -> 4.311314 | T48: =$L$48/3 -> 4.311314
E49: 2 | F49: Pasangan Listplank | H49: M³ | I49: =VLOOKUP(F49,RekapVolume,3,FALSE) -> 39.53602 | J49: =HSP!J355 -> 107851 | K49: =I49*J49 -> 4263999.2 | L49: =K49/$K$116*100 -> 1.4250378 | S49: =L49 -> 1.4250378
E50: 3 | F50: Pasangan Atap metal ukuran 80 x 100 atap pelana | H50: M³ | I50: =VLOOKUP(F50,RekapVolume,3,FALSE) -> 97.680098 | J50: =HSP!J321 -> 114665 | K50: =I50*J50 -> 11200488 | L50: =K50/$K$116*100 -> 3.7432274 | S50: =$L$50/2 -> 1.8716137 | T50: =$L$50/2 -> 1.8716137
E51: 4 | F51: Rangka plafond besi hollow | H51: M³ | I51: =VLOOKUP(F51,RekapVolume,3,FALSE) -> 80 | J51: =HSP!J285 -> 423593 | K51: =I51*J51 -> 33887440 | L51: =K51/$K$116*100 -> 11.325256 | S51: =$L$51/3 -> 3.7750852 | T51: =$L$51/3 -> 3.7750852 | U51: =$L$51/3 -> 3.7750852
E52: 5 | F52: Pasangan Plafond gypsum board | H52: M' | I52: =VLOOKUP(F52,RekapVolume,3,FALSE) -> 80 | J52: =HSP!J281 -> 64700 | K52: =I52*J52 -> 5176000 | L52: =K52/$K$116*100 -> 1.7298304 | U52: =L52 -> 1.7298304
E53: 6 | F53: Pasangan List Plafond Profil | H53: M² | I53: =VLOOKUP(F53,RekapVolume,3,FALSE) -> 36 | J53: =HSP!J282 -> 41910 | K53: =I53*J53 -> 1508760 | L53: =K53/$K$116*100 -> 0.50423085 | U53: =L53 -> 0.50423085
J54: Jumlah V | K54: =SUM(K48:K53) -> 94737640 | L54: =SUM(L48:L53) -> 31.661524
E55: VI | F55: PEKERJAAN KUSEN PINTU & JENDELA
E56: 1 | F56: Kayu Kusen Kelas II (5/12) | H56: M³ | I56: =VLOOKUP(F56,RekapVolume,3,FALSE) -> 0.3504 | J56: =HSP!J336 -> 10054189 | K56: =I56*J56 -> 3522987.8 | L56: =K56/$K$116*100 -> 1.1773901 | N56: =$L$56/3 -> 0.39246338 | O56: =$L$56/3 -> 0.39246338 | P56: =$L$56/3 -> 0.39246338
E57: 2 | F57: Pasangan Daun Pintu Panel Kayu | H57: M² | I57: =VLOOKUP(F57,RekapVolume,3,FALSE) -> 6.528 | J57: =HSP!J339 -> 902665 | K57: =I57*J57 -> 5892597.1 | L57: =K57/$K$116*100 -> 1.9693187 | U57: =L57 -> 1.9693187
E58: 3 | F58: Daun Pintu Double Taewood | H58: M² | I58: =VLOOKUP(F58,RekapVolume,3,FALSE) -> 1.428 | J58: =HSP!J345 -> 767120 | K58: =I58*J58 -> 1095447.4 | L58: =K58/$K$116*100 -> 0.36610087 | U58: =L58 -> 0.36610087
E59: 4 | F59: Pasangan Daun Jendela Kaca | H59: M² | I59: =VLOOKUP(F59,RekapVolume,3,FALSE) -> 1.442 | J59: =HSP!J340 -> 680859 | K59: =I59*J59 -> 981798.68 | L59: =K59/$K$116*100 -> 0.32811924 | U59: =L59 -> 0.32811924
E60: 5 | F60: Pasangan Lubang Angin | H60: M² | I60: =VLOOKUP(F60,RekapVolume,3,FALSE) -> 2.304 | J60: =HSP!J344 -> 822685 | K60: =I60*J60 -> 1895466.2 | L60: =K60/$K$116*100 -> 0.63346891 | P60: =L60 -> 0.63346891
J61: Jumlah VI | K61: =SUM(K56:K60) -> 13388297 | L61: =SUM(L56:L60) -> 4.4743979
E62: VII | F62: PEKERJAAN LANTAI & KERAMIK
E63: 1 | F63: Pasangan Tegel Keramik (30/30) | H63: M² | I63: =VLOOKUP(F63,RekapVolume,3,FALSE) -> 44.37 | J63: =HSP!J239 -> 302112 | K63: =I63*J63 -> 13404709 | L63: =K63/$K$116*100 -> 4.4798829 | U63: =$L$63/2 -> 2.2399414 | V63: =$L$63/2 -> 2.2399414
E64: 2 | F64: Pasangan Tegel Keramik (20/20) | H64: M² | I64: =VLOOKUP(F64,RekapVolume,3,FALSE) -> 2.88 | J64: =HSP!J240 -> 351087 | K64: =I64*J64 -> 1011130.6 | L64: =K64/$K$116*100 -> 0.33792202 | U64: =L64 -> 0.33792202
J65: Jumlah VII | K65: =SUM(K63:K64) -> 14415840 | L65: =SUM(L63:L64) -> 4.8178049
E66: VIII | F66: PEKERJAAN PENGGANTUNG & PENGUNCI
E67: 1 | F67: Pasangan Kunci Tanam Biasa | H67: BH | I67: =VLOOKUP(F67,RekapVolume,3,FALSE) -> 4 | J67: =HSP!J366 -> 269775 | K67: =I67*J67 -> 1079100 | L67: =K67/$K$116*100 -> 0.36063755 | U67: =L67 -> 0.36063755
E68: 2 | F68: Pasangan Kunci KM/WC | H68: BH | I68: =VLOOKUP(F68,RekapVolume,3,FALSE) -> 1 | J68: =HSP!J367 -> 157173 | K68: =I68*J68 -> 157173 | L68: =K68/$K$116*100 -> 0.052527556 | U68: =L68 -> 0.052527556
E69: 3 | F69: Pasangan Kunci Slot Pintu | H69: BH | I69: =VLOOKUP(F69,RekapVolume,3,FALSE) -> 5 | J69: =HSP!J375 -> 108317 | K69: =I69*J69 -> 541585 | L69: =K69/$K$116*100 -> 0.18099888 | U69: =L69 -> 0.18099888
E70: 4 | F70: Pasangan Kunci Slot Jendela | H70: BH | I70: =VLOOKUP(F70,RekapVolume,3,FALSE) -> 4 | J70: =HSP!J375 -> 108317 | K70: =I70*J70 -> 433268 | L70: =K70/$K$116*100 -> 0.1447991 | U70: =L70 -> 0.1447991
E71: 5 | F71: pasangan Engsel Pintu | H71: BH | I71: =VLOOKUP(F71,RekapVolume,3,FALSE) -> 15 | J71: =HSP!J369 -> 53246 | K71: =I71*J71 -> 798690 | L71: =K71/$K$116*100 -> 0.26692392 | U71: =L71 -> 0.26692392
E72: 6 | F72: Pasangan Engsel Jendela | H72: BH | I72: =VLOOKUP(F72,RekapVolume,3,FALSE) -> 8 | J72: =HSP!J370 -> 44863 | K72: =I72*J72 -> 358904 | L72: =K72/$K$116*100 -> 0.11994649 | U72: =L72 -> 0.11994649
E73: 7 | F73: Pasangan Kait Angin | H73: BH | I73: =VLOOKUP(F73,RekapVolume,3,FALSE) -> 8 | J73: =HSP!J373 -> 38291 | K73: =I73*J73 -> 306328 | L73: =K73/$K$116*100 -> 0.10237548 | U73: =L73 -> 0.10237548
J74: Jumlah VIII | K74: =SUM(K67:K73) -> 3675048 | L74: =SUM(L67:L73) -> 1.228209
E75: IX | F75: PEKERJAAN INSTALASI LISTRIK & AIR
E76: 1 | F76: Lampu TL 20W | H76: BH | I76: =VLOOKUP(F76,RekapVolume,3,FALSE) -> 2 | J76: =HSP!J454 -> 306611 | K76: =I76*J76 -> 613222 | L76: =K76/$K$116*100 -> 0.20494012 | W76: =L76 -> 0.20494012
E77: 2 | F77: Lampu Pijar 25W | H77: BH | I77: =VLOOKUP(F77,RekapVolume,3,FALSE) -> 5 | J77: =HSP!J454 -> 306611 | K77: =I77*J77 -> 1533055 | L77: =K77/$K$116*100 -> 0.51235029 | W77: =L77 -> 0.51235029
E78: 3 | F78: Lampu Pijar 5W | H78: BH | I78: =VLOOKUP(F78,RekapVolume,3,FALSE) -> 1 | J78: =HSP!J454 -> 306611 | K78: =I78*J78 -> 306611 | L78: =K78/$K$116*100 -> 0.10247006 | W78: =L78 -> 0.10247006
E79: 4 | F79: Saklar Ganda | H79: BH | I79: =VLOOKUP(F79,RekapVolume,3,FALSE) -> 2 | J79: =HSP!J455 -> 84535 | K79: =I79*J79 -> 169070 | L79: =K79/$K$116*100 -> 0.056503559 | P79: =L79 -> 0.056503559
E80: 5 | F80: Saklar Tunggal | H80: BH | I80: =VLOOKUP(F80,RekapVolume,3,FALSE) -> 4 | J80: =HSP!J456 -> 77935 | K80: =I80*J80 -> 311740 | L80: =K80/$K$116*100 -> 0.10418418 | P80: =L80 -> 0.10418418
E81: 6 | F81: Stop Kontak | H81: BH | I81: =VLOOKUP(F81,RekapVolume,3,FALSE) -> 4 | J81: =HSP!J457 -> 70697 | K81: =I81*J81 -> 282788 | L81: =K81/$K$116*100 -> 0.094508361 | P81: =L81 -> 0.094508361
E82: 7 | F82: MCB-BOX | H82: BH | I82: =VLOOKUP(F82,RekapVolume,3,FALSE) -> 1 | J82: =HSP!J458 -> 496870 | K82: =I82*J82 -> 496870 | L82: =K82/$K$116*100 -> 0.16605503 | P82: =L82 -> 0.16605503
E83: 8 | F83: Pasangan Kloset Duduk | H83: BH | I83: =VLOOKUP(F83,RekapVolume,3,FALSE) -> 1 | J83: =HSP!J414 -> 2407185 | K83: =I83*J83 -> 2407185 | L83: =K83/$K$116*100 -> 0.80448643 | V83: =L83 -> 0.80448643
E84: 9 | F84: Pasangan Bak Air Viber | H84: BH | I84: =VLOOKUP(F84,RekapVolume,3,FALSE) -> 1 | J84: =HSP!J423 -> 611387 | K84: =I84*J84 -> 611387 | L84: =K84/$K$116*100 -> 0.20432686 | V84: =L84 -> 0.20432686
E85: 10 | F85: Kran Air | H85: BH | I85: =VLOOKUP(F85,RekapVolume,3,FALSE) -> 4 | J85: =HSP!J432 -> 110331 | K85: =I85*J85 -> 441324 | L85: =K85/$K$116*100 -> 0.14749143 | V85: =L85 -> 0.14749143
E86: 11 | F86: Pasangan Floor Drain | H86: BH | I86: =VLOOKUP(F86,RekapVolume,3,FALSE) -> 1 | J86: =HSP!J427 -> 328625 | K86: =I86*J86 -> 328625 | L86: =K86/$K$116*100 -> 0.10982719 | V86: =L86 -> 0.10982719
E87: 12 | F87: Bak Cuci Piring | H87: BH | I87: =VLOOKUP(F87,RekapVolume,3,FALSE) -> 1 | J87: =HSP!J425 -> 678315 | K87: =I87*J87 -> 678315 | L87: =K87/$K$116*100 -> 0.22669434 | V87: =L87 -> 0.22669434
J88: Jumlah IX | K88: =SUM(K76:K87) -> 8180192 | L88: =SUM(L76:L87) -> 2.7338378
E89: X | F89: PEKERJAAN FINISHING
E90: 1 | F90: Cat Tembok | H90: M² | I90: =VLOOKUP(F90,RekapVolume,3,FALSE) -> 135.23 | J90: =HSP!J399 -> 37532 | K90: =I90*J90 -> 5075452.4 | L90: =K90/$K$116*100 -> 1.6962271 | V90: =$L$90/2 -> 0.84811357 | W90: =$L$90/2 -> 0.84811357
E91: 2 | F91: Cat Plafond | H91: M² | I91: =VLOOKUP(F91,RekapVolume,3,FALSE) -> 80 | J91: =HSP!J399 -> 37532 | K91: =I91*J91 -> 3002560 | L91: =K91/$K$116*100 -> 1.003462 | V91: =L91 -> 1.003462
E92: 3 | F92: Manie Kayu | H92: M² | I92: =VLOOKUP(F92,RekapVolume,3,FALSE) -> 13.966004 | J92: =HSP!J405 -> 43847 | K92: =I92*J92 -> 612367.37 | L92: =K92/$K$116*100 -> 0.2046545 | V92: =L92 -> 0.2046545
E93: 4 | F93: Cat Kayu | H93: M² | I93: =VLOOKUP(F93,RekapVolume,3,FALSE) -> 13.966004 | J93: =HSP!J393 -> 52538 | K93: =I93*J93 -> 733745.91 | L93: =K93/$K$116*100 -> 0.24521947 | V93: =$L$93/2 -> 0.12260973 | W93: =$L$93/2 -> 0.12260973
J94: Jumlah X | K94: =SUM(K90:K93) -> 9424125.6 | L94: =SUM(L90:L93) -> 3.1495632
E95: XI | F95: PEKERJAAN SEPTITANK & PERESAPAN
E96: 1 | F96: Galian Tanah | H96: M³ | I96: =VLOOKUP(F96,RekapVolume,3,FALSE) -> 12.774 | J96: =HSP!J25 -> 107800 | K96: =I96*J96 -> 1377037.2 | L96: =K96/$K$116*100 -> 0.46020881 | N96: =$L$96/2 -> 0.2301044 | O96: =$L$96/2 -> 0.2301044
E97: 2 | F97: Plesteran Transram | H97: M² | I97: =VLOOKUP(F97,RekapVolume,3,FALSE) -> 24.96 | J97: =HSP!J174 -> 108051 | K97: =I97*J97 -> 2696953 | L97: =K97/$K$116*100 -> 0.90132751 | N97: =$L$97/2 -> 0.45066375 | O97: =$L$97/2 -> 0.45066375
E98: 3 | F98: Pekerjaan Pasangan Batu Kosong | H98: M³ | I98: =VLOOKUP(F98,RekapVolume,3,FALSE) -> 0.432 | J98: =HSP!J49 -> 885381 | K98: =I98*J98 -> 382484.59 | L98: =K98/$K$116*100 -> 0.12782718 | N98: =$L$98/2 -> 0.063913589 | O98: =$L$98/2 -> 0.063913589
E99: 4 | F99: Pekerjaan Urugan Pasir | H99: M³ | I99: =VLOOKUP(F99,RekapVolume,3,FALSE) -> 0.4275 | J99: =HSP!J35 -> 440426 | K99: =I99*J99 -> 188282.12 | L99: =K99/$K$116*100 -> 0.06292429 | N99: =$L$99/2 -> 0.031462145 | O99: =$L$99/2 -> 0.031462145
E100: 5 | F100: Pekerjaan Urugan Batu Pecah (5/7) | H100: M³ | I100: =VLOOKUP(F100,RekapVolume,3,FALSE) -> 0.432 | J100: =HSP!J38 -> 401852 | K100: =I100*J100 -> 173600.06 | L100: =K100/$K$116*100 -> 0.058017517 | O100: =L100 -> 0.058017517
E101: 6 | F101: Pekerjaan Urugan Batu Pecah (3/5) | H101: M³ | I101: =VLOOKUP(F101,RekapVolume,3,FALSE) -> 0.432 | J101: =HSP!J38 -> 401852 | K101: =I101*J101 -> 173600.06 | L101: =K101/$K$116*100 -> 0.058017517 | O101: =L101 -> 0.058017517
E102: 7 | F102: Pekerjaan Lapisan Ijuk (5cm) | H102: M² | I102: =VLOOKUP(F102,RekapVolume,3,FALSE) -> 5.12 | J102: =HSP!J37/2 -> 808665 | K102: =I102*J102 -> 4140364.8 | L102: =K102/$K$116*100 -> 1.3837189 | O102: =L102 -> 1.3837189
...

Sheet RAB SMKK
E2: RAB SMKK (Komponen Biaya Keselamatan Kerja Konstruksi)
E4: No. | F4: Rincian Biaya Penerapan SMKK | I4: Satuan | J4: Kuantitas | K4: Harga Satuan | L4: Total Harga
E5: 1 | F5: 2 | I5: 4 | J5: 5 | K5: 6 | L5: 7
E6: I | F6: PENYIAPAN DOKUMEN PENERAPAN SMKK
E7: 1 | F7: Pembuatan dokumen SMKK (RKK dan RMPK) | I7: set | L7: =IF(J7="","",J7*K7)
E8: =E7+1 -> 2 | F8: Pembuatan prosedur dan instruksi kerja | I8: set | L8: =IF(J8="","",J8*K8)
E9: =E8+1 -> 3 | F9: Penyusunan pelaporan penerapan SMKK | I9: set | L9: =IF(J9="","",J9*K9)
K10: Sub Total | L10: =SUM(L7:L9) -> 0
E11: II | F11: SOSIALISASI, PROMOSI DAN PELATIHAN
E12: 1 | F12: Induksi Keselamatan Konstruksi (Safety Induction) | I12: kgtn | L12: =IF(J12="","",J12*K12)
E13: 2 | F13: Pengarahan Keselamatan Konstruksi (Safety Briefing) | I13: kgtn | L13: =IF(J13="","",J13*K13)
E14: 3 | F14: Pertemuan keselamatan (Safety Talk dan/atau Tool Box Meeting) | I14: kgtn | L14: =IF(J14="","",J14*K14)
E15: 4 | F15: Pelatihan Keselamatan Konstruksi, antara lain: | L15: =IF(J15="","",J15*K15)
E16: a | F16: Perilaku berbasis keselamatan (budaya berkeselamatan konstruksi) | I16: kgtn | L16: =IF(J16="","",J16*K16)
E17: 5 | F17: Simulasi Keselamatan Konstruksi (tanggap darurat) | I17: kgtn | L17: =IF(J17="","",J17*K17)
E18: =E17+1 -> 6 | F18: Spanduk (banner) | I18: lb | L18: =IF(J18="","",J18*K18)
E19: =E18+1 -> 7 | F19: Poster/leaflet | I19: lb | L19: =IF(J19="","",J19*K19)
E20: =E19+1 -> 8 | F20: Papan Informasi Keselamatan konstruksi | I20: bh | L20: =IF(J20="","",J20*K20)
K21: Sub Total | L21: =SUM(L12:L20) -> 0
E22: III | F22: ALAT PELINDUNG KERJA DAN ALAT PELINDUNG DIRI
E23: 1 | F23: APK, antara lain: | L23: =IF(J23="","",J23*K23)
F24: Pembatas area (restricted area) | I24: roll | L24: =IF(J24="","",J24*K24)
F25: Perlengkapan keselamatan bencana | I25: set | L25: =IF(J25="","",J25*K25)
E26: 2 | F26: APD, antara lain: | L26: =IF(J26="","",J26*K26)
F27: Helm pelindung (safety helmet) | I27: bh | J27: 5 | K27: 25000 | L27: =IF(J27="","",J27*K27) -> 125000
F28: Pelindung telinga (ear plug) | I28: psg | J28: 3 | K28: 45000 | L28: =IF(J28="","",J28*K28) -> 135000
F29: Sarung tangan (safety gloves) | I29: psg | J29: 20 | K29: 10000 | L29: =IF(J29="","",J29*K29) -> 200000
F30: Sepatu keselamatan (safety shoes, rubber safety shoes dan toe cap) | I30: psg | J30: 8 | K30: 220000 | L30: =IF(J30="","",J30*K30) -> 1760000
F31: Rompi keselamatan (safety vest) | I31: bh | J31: 20 | K31: 7500 | L31: =IF(J31="","",J31*K31) -> 150000
K32: Sub Total | L32: =SUM(L23:L31) -> 2370000
E33: IV | F33: ASURANSI
F34: (komponen ini tidak bersifat wajib pada pekerjaan konstruksi dengan tingkat Risiko Keselamatan Konstruksi kecil)
A35: www.rabotomatis.com | K35: Sub Total | L35: =SUM(L34) -> 0
E36: V | F36: PERSONEL KESELAMATAN KONSTRUKSI
E37: 1 | F37: Petugas Keselamatan Konstruksi, Petugas K3 Konstruksi | I37: org/bln | L37: =IF(J37="","",J37*K37)
K38: Sub Total | L38: =SUM(L37) -> 0
E39: VI | F39: FASILITAS SARANA, PRASARANA, DAN ALAT KESEHATAN
E40: 1 | F40: Peralatan P3K (Kotak P3K, Alat pengukur suhu) | I40: set | J40: 1 | K40: 350000 | L40: =IF(J40="","",J40*K40) -> 350000
K41: Sub Total | L41: =SUM(L40) -> 350000
E42: VII | F42: RAMBU DAN PERLENGKAPAN LALU LINTAS
E43: 1 | F43: Rambu petunjuk | I43: bh | L43: =IF(J43="","",J43*K43)
E44: =E43+1 -> 2 | F44: Rambu larangan | I44: bh | J44: 1 | K44: 250000 | L44: =IF(J44="","",J44*K44) -> 250000
E45: =E44+1 -> 3 | F45: Rambu peringatan | I45: bh | J45: 1 | K45: 250000 | L45: =IF(J45="","",J45*K45) -> 250000
E46: =E45+1 -> 4 | F46: Rambu kewajiban | I46: bh | L46: =IF(J46="","",J46*K46)
E47: =E46+1 -> 5 | F47: Rambu informasi | I47: bh | L47: =IF(J47="","",J47*K47)
E48: =E47+1 -> 6 | F48: Rambu pekerjaan sementara | I48: bh | L48: =IF(J48="","",J48*K48)
E49: =E48+1 -> 7 | F49: Jalur Evakuasi (Petunjuk escape route) | I49: bh | L49: =IF(J49="","",J49*K49)
E50: =E49+1 -> 8 | F50: Lampu putar (rotary lamp) | I50: bh | L50: =IF(J50="","",J50*K50)
E51: =E50+1 -> 9 | F51: Lampu/alat penerangan sementara | I51: bh | L51: =IF(J51="","",J51*K51)
E52: =E51+1 -> 10 | F52: Lampu darurat (emergency lamp) | I52: bh | L52: =IF(J52="","",J52*K52)
K53: Sub Total | L53: =SUM(L43:L52) -> 500000
E54: VIII | F54: KONSULTASI DENGAN AHLI TERKAIT KESELAMATAN KONSTRUKSI
F55: (komponen ini tidak bersifat wajib pada pekerjaan konstruksi dengan tingkat Risiko Keselamatan Konstruksi kecil)
K56: Sub Total | L56: =SUM(L55) -> 0
E57: IX | F57: KEGIATAN DAN PERALATAN TERKAIT PENGENDALIAN RISIKO KESELAMATAN KONSTRUKSI
E58: 1 | F58: Alat Pemadam Api Ringan APAR) (untuk kelas kebakaran a, b, c, dan d) | I58: unit | L58: =IF(J58="","",J58*K58)
E59: =E58+1 -> 2 | F59: Bendera K3 | I59: bh | L59: =IF(J59="","",J59*K59)
F60: Pembuatan Kartu Identitas Pekerja (KIP) | I60: bh | L60: =IF(J60="","",J60*K60)
F61: Patroli Keselamatan Konstruksi | I61: kgtn | L61: =IF(J61="","",J61*K61)
K62: Sub Total | L62: =SUM(L58:L61) -> 0
K63: TOTAL BIAYA | L63: =SUMIF(K6:K62,K62,L6:L62) -> 3220000

Sheet DOKUMEN
E2: DOKUMEN
A27: www.rabotomatis.com

Sheet PENAWARAN
E2: DOKUMEN PENAWARAN
E5: Data Perusahaan
E6: Perusahaan | F6: PT. INDONESIA KONSTRUKSI
E7: Bidang Usaha | F7: Arsitek & General Kontraktor
E8: Telpon | F8: 08123456789
E9: Email | F9: indonesiakonstruksi@gmail.com
E10: Website | F10: www.indonesiakonstruksi.com
E12: Data Customer
E13: Nama Customer | F13: Donald Trump
E14: Alamat Customer | F14: Jalan Pahlawan 17, Semarang
E15: Kota Customer | F15: Jogjakarta
E17: Data Proyek
E18: Nama Proyek | F18: Pebangunan Rumah
E19: Alamat Proyek | F19: Jalan Garuda 1945
E20: kota Proyek | F20: Semarang
E21: Durasi (hari) | F21: 120
E23: =F6 -> PT. INDONESIA KONSTRUKSI
E24: Arsitek & General Kontraktor
E25: Jl. Raya Merdeka No. 17, Surabaya - Jawa Timur
E26: ="Telp : "&F8&" - Email : "&F9&"" -> Telp : 08123456789 - Email : indonesiakonstruksi@gmail.com
E27: ="Website : "&F10&"" -> Website : www.indonesiakonstruksi.com
E29: Nomor | F29: : | G29: 1/X/V/Z2026 | J29: Surabaya, | K29: 01 Januari 2026
E30: Lampiran | F30: : | G30: -
E31: Perihal | F31: : | G31: Penawaran Harga
E33: Kepada,
E34: ="Yth Bapak " &F13 -> Yth Bapak Donald Trump
E35: ="Di " &F14 -> Di Jalan Pahlawan 17, Semarang
E36: =F15 -> Jogjakarta
E38: Dengan Hormat,
E40: ="Sehubungan adanya pekerjaan "&F18&" di "&F19&". Maka dengan ini kami "&F6&" yang" -> Sehubungan adanya pekerjaan Pebangunan Rumah di Jalan Garuda 1945. Maka dengan ini kami PT. INDONESIA KONSTRUKSI yang
E41: ="bergerak di bidang "&F7&" bermaksud untuk mengajukan Surat Penawaran Harga untuk pekerjaan tersebut." -> bergerak di bidang Arsitek & General Kontraktor bermaksud untuk mengajukan Surat Penawaran Harga untuk pekerjaan tersebut.
E42: Berikut kami sampaikan rincian penawaran harga :
E44: No | F44: Uraian Pekerjaan | K44: Jumlah (Rp)
E46: 1 | F46: 2 | K46: 3
E47: I | F47: PEKERJAAN PERSIAPAN | K47: ='HITUNG RAB'!L13 -> 10083520
E48: II | F48: PEKERJAAN GALIAN TANAH & URUGAN | K48: ='HITUNG RAB'!L20 -> 8462250.6
E49: III | F49: PEKERJAAN PASANGAN & PLESTERAN | K49: ='HITUNG RAB'!L28 -> 64094724
E50: IV | F50: PEKERJAAN BETON | K50: ='HITUNG RAB'!L51 -> 50476950
E51: V | F51: PEKERJAAN ATAP & PLAVOND | K51: ='HITUNG RAB'!L60 -> 94737640
E52: VI | F52: PEKERJAAN KUSEN PINTU & JENDELA | K52: ='HITUNG RAB'!L68 -> 13388297
E53: VII | F53: PEKERJAAN LANTAI & KERAMIK | K53: ='HITUNG RAB'!L73 -> 14415840
E54: VIII | F54: PEKERJAAN PENGGANTUNG & PENGUNCI | K54: ='HITUNG RAB'!L83 -> 3675048
E55: IX | F55: PEKERJAAN INSTALASI LISTRIK & AIR | K55: ='HITUNG RAB'!L98 -> 8180192
E56: X | F56: PEKERJAAN FINISHING | K56: ='HITUNG RAB'!L105 -> 9424125.6
E57: XI | F57: PEKERJAAN SEPTITANK & PERESAPAN | K57: ='HITUNG RAB'!L124 -> 29017311
E58: XII | F58: PEKERJAAN LAIN-LAIN | K58: ='HITUNG RAB'!L128 -> 1540000
J59: Jumlah | K59: =SUM(K47:K58) -> 3.074959e+08
E62: Harga penawaran yang kami ajukan diatas sudah termasuk dengan biaya material, tenaga kerja & overhead. Proyek ini kami
E63: ="estimasikan dapat diselesaikan dalam waktu "&F21&" hari kerja, sejak tanggal dimulai. Demikian Surat Penawaran ini kami" -> estimasikan dapat diselesaikan dalam waktu 120 hari kerja, sejak tanggal dimulai. Demikian Surat Penawaran ini kami
E64: sampaikan. Kami ucapkan terima kasih atas perhatian & kerja sama yang diberikan.
E67: Hormat Kami,
E70: =F6 -> PT. INDONESIA KONSTRUKSI

Sheet C. C. O
E2: DOKUMEN CCO (Pekerjaan Tambah Kurang)
E4: No. | F4: Uraian Pekerjaan | I4: Kontrak | M4: Perubahan | S4: Amandemen
I5: Volume | J5: Satuan | K5: Harga Satuan | L5: Jumlah Harga | M5: Pekerjaan Tambah | P5: Pekerjaan Kurang | S5: Volume | T5: Satuan | U5: Harga Satuan | V5: Jumlah Harga
M6: Volume | N6: Harga Satuan | O6: Jumlah Harga | P6: Volume | Q6: Harga Satuan | R6: Jumlah Harga
D8: Total | E8: I | F8: PEKERJAAN PENDAHULUAN | L8: =SUM(L9:L16) -> 38030594 | O8: =SUM(O9:O16) -> 0 | R8: =SUM(R9:R16) -> 0 | V8: =SUM(V9:V16) -> 38030594
E9: 1 | F9: Pembersihan lapangan | I9: 342.54 | J9: m² | K9: 16012.5 | L9: =I9*K9 -> 5484921.8 | S9: =IF(AND(M9="",P9=""),I9,I9+M9-P9) -> 342.54 | T9: =J9 -> m² | U9: =K9 -> 16012.5 | V9: =S9*U9 -> 5484921.8
E10: 2 | F10: Pekerjaan pembuatan papan nama proyek | I10: 1 | J10: ls | K10: 300000 | L10: =I10*K10 -> 300000 | S10: =IF(AND(M10="",P10=""),I10,I10+M10-P10) -> 1 | T10: =J10 -> ls | U10: =K10 -> 300000 | V10: =S10*U10 -> 300000
E11: 3 | F11: Pembuatan pagar sementara dari seng gelombang | I11: 54.4 | J11: m² | K11: 323127 | L11: =I11*K11 -> 17578109 | S11: =IF(AND(M11="",P11=""),I11,I11+M11-P11) -> 54.4 | T11: =J11 -> m² | U11: =K11 -> 323127 | V11: =S11*U11 -> 17578109
E12: 4 | F12: Pembuatan gudang bahan dan peralatan | I12: 4 | J12: m² | K12: 1068700.5 | L12: =I12*K12 -> 4274802 | S12: =IF(AND(M12="",P12=""),I12,I12+M12-P12) -> 4 | T12: =J12 -> m² | U12: =K12 -> 1068700.5 | V12: =S12*U12 -> 4274802
E13: 5 | F13: Pembuatan direksi keet | I13: 1 | J13: ls | K13: 1500000 | L13: =I13*K13 -> 1500000 | S13: =IF(AND(M13="",P13=""),I13,I13+M13-P13) -> 1 | T13: =J13 -> ls | U13: =K13 -> 1500000 | V13: =S13*U13 -> 1500000
E14: 6 | F14: Pembuatan barak pekerja | I14: 4 | J14: m² | K14: 1068700.5 | L14: =I14*K14 -> 4274802 | S14: =IF(AND(M14="",P14=""),I14,I14+M14-P14) -> 4 | T14: =J14 -> m² | U14: =K14 -> 1068700.5 | V14: =S14*U14 -> 4274802
E15: 7 | F15: Pekerjaan pengukuran dan pemasangan bowplank | I15: 74.2 | J15: m' | K15: 62236.65 | L15: =I15*K15 -> 4617959.4 | S15: =IF(AND(M15="",P15=""),I15,I15+M15-P15) -> 74.2 | T15: =J15 -> m' | U15: =K15 -> 62236.65 | V15: =S15*U15 -> 4617959.4
D17: Total | E17: II | F17: PEKERJAAN TANAH | L17: =SUM(L18:L24) -> 53921179 | O17: =SUM(O18:O24) -> 0 | R17: =SUM(R18:R24) -> 0 | V17: =SUM(V18:V24) -> 53921179
E18: 1 | F18: Pekerjaan galian tanah | I18: 196.20573 | J18: m³ | K18: 74156.25 | L18: =I18*K18 -> 14549881 | S18: =IF(AND(M18="",P18=""),I18,I18+M18-P18) -> 196.20573 | T18: =J18 -> m³ | U18: =K18 -> 74156.25 | V18: =S18*U18 -> 14549881
E19: 2 | F19: Pengurugan tanah kembali | I19: 65.40191 | J19: m³ | K19: 53812.5 | L19: =I19*K19 -> 3519440.3 | S19: =IF(AND(M19="",P19=""),I19,I19+M19-P19) -> 65.40191 | T19: =J19 -> m³ | U19: =K19 -> 53812.5 | V19: =S19*U19 -> 3519440.3
E20: 3 | F20: Pengurugan sirtu di area site | I20: 102.762 | J20: m³ | K20: 213890.25 | L20: =I20*K20 -> 21979790 | S20: =IF(AND(M20="",P20=""),I20,I20+M20-P20) -> 102.762 | T20: =J20 -> m³ | U20: =K20 -> 213890.25 | V20: =S20*U20 -> 21979790
E21: 4 | F21: Pengurugan sirtu dibawah lantai | I21: 41.45325 | J21: m³ | K21: 213890.25 | L21: =I21*K21 -> 8866446 | S21: =IF(AND(M21="",P21=""),I21,I21+M21-P21) -> 41.45325 | T21: =J21 -> m³ | U21: =K21 -> 213890.25 | V21: =S21*U21 -> 8866446
E22: 5 | F22: Pengurugan pasir dibawah lantai | I22: 18.3 | J22: m³ | K22: 218662.5 | L22: =I22*K22 -> 4001523.8 | S22: =IF(AND(M22="",P22=""),I22,I22+M22-P22) -> 18.3 | T22: =J22 -> m³ | U22: =K22 -> 218662.5 | V22: =S22*U22 -> 4001523.8
E23: 6 | F23: Pengurugan pasir dibawah paving block | I23: 4.592 | J23: m³ | K23: 218662.5 | L23: =I23*K23 -> 1004098.2 | S23: =IF(AND(M23="",P23=""),I23,I23+M23-P23) -> 4.592 | T23: =J23 -> m³ | U23: =K23 -> 218662.5 | V23: =S23*U23 -> 1004098.2
D25: Total | E25: III | F25: PEKERJAAN PONDASI | L25: =SUM(L26:L43) -> 1.1936816e+08 | O25: =SUM(O26:O43) -> 0 | R25: =SUM(R26:R43) -> 0 | V25: =SUM(V26:V43) -> 1.1936816e+08
E26: 1 | F26: Urugan pasir bawah pondasi footplat t = 10cm | I26: 2.0608 | J26: m³ | K26: 218662.5 | L26: =I26*K26 -> 450619.68 | S26: =IF(AND(M26="",P26=""),I26,I26+M26-P26) -> 2.0608 | T26: =J26 -> m³ | U26: =K26 -> 218662.5 | V26: =S26*U26 -> 450619.68
E27: 2 | F27: Pekerjaan lantai kerja bawah pondasi footplat t = 5cm | I27: 1.1342 | J27: m³ | K27: 995778 | L27: =I27*K27 -> 1129411.4 | S27: =IF(AND(M27="",P27=""),I27,I27+M27-P27) -> 1.1342 | T27: =J27 -> m³ | U27: =K27 -> 995778 | V27: =S27*U27 -> 1129411.4
E28: 3 | F28: Pekerjaan pondasi footplat beton bertulang 120 x 120 x 30
E29: 1 | F29: Beton K-250 | I29: 3.456 | J29: m³ | K29: 1250434.9 | L29: =I29*K29 -> 4321503 | S29: =IF(AND(M29="",P29=""),I29,I29+M29-P29) -> 3.456 | T29: =J29 -> m³ | U29: =K29 -> 1250434.9 | V29: =S29*U29 -> 4321503
E30: 2 | F30: Pembesian | I30: 256.13939 | J30: kg | K30: 17112.007 | L30: =I30*K30 -> 4383059.2 | S30: =IF(AND(M30="",P30=""),I30,I30+M30-P30) -> 256.13939 | T30: =J30 -> kg | U30: =K30 -> 17112.007 | V30: =S30*U30 -> 4383059.2
E31: 3 | F31: Bekisting | I31: 11.52 | J31: m² | K31: 177366 | L31: =I31*K31 -> 2043256.3 | S31: =IF(AND(M31="",P31=""),I31,I31+M31-P31) -> 11.52 | T31: =J31 -> m² | U31: =K31 -> 177366 | V31: =S31*U31 -> 2043256.3
E32: 4 | F32: Pekerjaan pondasi footplat beton bertulang 120 x 78 x 30
E33: 1 | F33: Beton K-250 | I33: 1.1232 | J33: m³ | K33: 1250434.9 | L33: =I33*K33 -> 1404488.5 | S33: =IF(AND(M33="",P33=""),I33,I33+M33-P33) -> 1.1232 | T33: =J33 -> m³ | U33: =K33 -> 1250434.9 | V33: =S33*U33 -> 1404488.5
E34: 2 | F34: Pembesian | I34: 128.0697 | J34: kg | K34: 17112.007 | L34: =I34*K34 -> 2191529.6 | S34: =IF(AND(M34="",P34=""),I34,I34+M34-P34) -> 128.0697 | T34: =J34 -> kg | U34: =K34 -> 17112.007 | V34: =S34*U34 -> 2191529.6
E35: 3 | F35: Bekisting | I35: 4.752 | J35: m² | K35: 177366 | L35: =I35*K35 -> 842843.23 | S35: =IF(AND(M35="",P35=""),I35,I35+M35-P35) -> 4.752 | T35: =J35 -> m² | U35: =K35 -> 177366 | V35: =S35*U35 -> 842843.23
E36: 5 | F36: Pekerjaan pondasi stump beton bertulang 30 x 30 x 200
E37: 1 | F37: Beton K-250 | I37: 1.62 | J37: m³ | K37: 1250434.9 | L37: =I37*K37 -> 2025704.5 | S37: =IF(AND(M37="",P37=""),I37,I37+M37-P37) -> 1.62 | T37: =J37 -> m³ | U37: =K37 -> 1250434.9 | V37: =S37*U37 -> 2025704.5
E38: 2 | F38: Pembesian | I38: 208.27025 | J38: kg | K38: 17112.007 | L38: =I38*K38 -> 3563922 | S38: =IF(AND(M38="",P38=""),I38,I38+M38-P38) -> 208.27025 | T38: =J38 -> kg | U38: =K38 -> 17112.007 | V38: =S38*U38 -> 3563922
E39: 3 | F39: Bekisting | I39: 21.6 | J39: m² | K39: 177366 | L39: =I39*K39 -> 3831105.6 | S39: =IF(AND(M39="",P39=""),I39,I39+M39-P39) -> 21.6 | T39: =J39 -> m² | U39: =K39 -> 177366 | V39: =S39*U39 -> 3831105.6
E40: 6 | F40: Urugan pasir bawah pondasi menerus t = 5cm | I40: 9.35949 | J40: m³ | K40: 218662.5 | L40: =I40*K40 -> 2046569.5 | S40: =IF(AND(M40="",P40=""),I40,I40+M40-P40) -> 9.35949 | T40: =J40 -> m³ | U40: =K40 -> 218662.5 | V40: =S40*U40 -> 2046569.5
E41: 7 | F41: Pekerjaan batu kosong | I41: 37.43796 | J41: m³ | K41: 570480.75 | L41: =I41*K41 -> 21357635 | S41: =IF(AND(M41="",P41=""),I41,I41+M41-P41) -> 37.43796 | T41: =J41 -> m³ | U41: =K41 -> 570480.75 | V41: =S41*U41 -> 21357635
E42: 8 | F42: Pekerjaan pasangan batu kali camp. 1pc : 4ps | I42: 72.43278 | J42: m³ | K42: 963327.75 | L42: =I42*K42 -> 69776507 | S42: =IF(AND(M42="",P42=""),I42,I42+M42-P42) -> 72.43278 | T42: =J42 -> m³ | U42: =K42 -> 963327.75 | V42: =S42*U42 -> 69776507
D44: Total | E44: IV | F44: PEKERJAAN STRUKTUR | L44: =SUM(L45:L122) -> 5.1749313e+08 | O44: =SUM(O45:O122) -> 3052749.8 | R44: =SUM(R45:R122) -> 0 | V44: =SUM(V45:V122) -> 5.2054588e+08
F45: Pekerjaan Struktur Lantai 1
E46: 1 | F46: Pekerjaan sloof beton bertulang 25/30
E47: 1 | F47: Beton K-250 | I47: 7.07475 | J47: m³ | K47: 1250434.9 | L47: =IF(I47="","",I47*K47) -> 8846514.2 | S47: =IF(AND(M47="",P47=""),I47,I47+M47-P47) -> 7.07475 | T47: =J47 -> m³ | U47: =K47 -> 1250434.9 | V47: =S47*U47 -> 8846514.2
E48: 2 | F48: Pembesian | I48: 1402.7648 | J48: kg | K48: 17112.007 | L48: =IF(I48="","",I48*K48) -> 24004121 | S48: =IF(AND(M48="",P48=""),I48,I48+M48-P48) -> 1402.7648 | T48: =J48 -> kg | U48: =K48 -> 17112.007 | V48: =S48*U48 -> 24004121
E49: 3 | F49: Bekisting | I49: 56.598 | J49: m² | K49: 187078.5 | L49: =IF(I49="","",I49*K49) -> 10588269 | S49: =IF(AND(M49="",P49=""),I49,I49+M49-P49) -> 56.598 | T49: =J49 -> m² | U49: =K49 -> 187078.5 | V49: =S49*U49 -> 10588269
E50: 2 | F50: Pekerjaan sloof beton bertulang 15/30 | L50: =IF(I50="","",I50*K50)
E51: 1 | F51: Beton K-250 | I51: 0.69435 | J51: m³ | K51: 1250434.9 | L51: =IF(I51="","",I51*K51) -> 868239.47 | S51: =IF(AND(M51="",P51=""),I51,I51+M51-P51) -> 0.69435 | T51: =J51 -> m³ | U51: =K51 -> 1250434.9 | V51: =S51*U51 -> 868239.47
E52: 2 | F52: Pembesian | I52: 202.15754 | J52: kg | K52: 17112.007 | L52: =IF(I52="","",I52*K52) -> 3459321.3 | S52: =IF(AND(M52="",P52=""),I52,I52+M52-P52) -> 202.15754 | T52: =J52 -> kg | U52: =K52 -> 17112.007 | V52: =S52*U52 -> 3459321.3
E53: 3 | F53: Bekisting | I53: 9.258 | J53: m² | K53: 187078.5 | L53: =IF(I53="","",I53*K53) -> 1731972.8 | S53: =IF(AND(M53="",P53=""),I53,I53+M53-P53) -> 9.258 | T53: =J53 -> m² | U53: =K53 -> 187078.5 | V53: =S53*U53 -> 1731972.8
E54: 3 | F54: Pekerjaan sloof beton bertulang 15/20 | L54: =IF(I54="","",I54*K54)
E55: 1 | F55: Beton K-175 | I55: 4.4766 | J55: m³ | K55: 1167765.7 | L55: =IF(I55="","",I55*K55) -> 5227619.8 | S55: =IF(AND(M55="",P55=""),I55,I55+M55-P55) -> 4.4766 | T55: =J55 -> m³ | U55: =K55 -> 1167765.7 | V55: =S55*U55 -> 5227619.8
E56: 2 | F56: Pembesian | I56: 620.13167 | J56: kg | K56: 17112.007 | L56: =IF(I56="","",I56*K56) -> 10611698 | S56: =IF(AND(M56="",P56=""),I56,I56+M56-P56) -> 620.13167 | T56: =J56 -> kg | U56: =K56 -> 17112.007 | V56: =S56*U56 -> 10611698
E57: 3 | F57: Bekisting | I57: 59.688 | J57: m² | K57: 187078.5 | L57: =IF(I57="","",I57*K57) -> 11166342 | S57: =IF(AND(M57="",P57=""),I57,I57+M57-P57) -> 59.688 | T57: =J57 -> m² | U57: =K57 -> 187078.5 | V57: =S57*U57 -> 11166342
E58: 4 | F58: Pekerjaan lantai dasar beton bertulang t = 7cm | L58: =IF(I58="","",I58*K58)
E59: 1 | F59: Beton K-175 | I59: 12.208567 | J59: m³ | K59: 1167765.7 | L59: =IF(I59="","",I59*K59) -> 14256745 | S59: =IF(AND(M59="",P59=""),I59,I59+M59-P59) -> 12.208567 | T59: =J59 -> m³ | U59: =K59 -> 1167765.7 | V59: =S59*U59 -> 14256745
E60: 5 | F60: Pekerjaan balok latei beton bertulang 15/15 | L60: =IF(I60="","",I60*K60)
E61: 1 | F61: Beton K-175 | I61: 2.595375 | J61: m³ | K61: 1167765.7 | L61: =IF(I61="","",I61*K61) -> 3030789.8 | S61: =IF(AND(M61="",P61=""),I61,I61+M61-P61) -> 2.595375 | T61: =J61 -> m³ | U61: =K61 -> 1167765.7 | V61: =S61*U61 -> 3030789.8
E62: 2 | F62: Pembesian | I62: 337.21089 | J62: kg | K62: 17112.007 | L62: =IF(I62="","",I62*K62) -> 5770355.3 | S62: =IF(AND(M62="",P62=""),I62,I62+M62-P62) -> 337.21089 | T62: =J62 -> kg | U62: =K62 -> 17112.007 | V62: =S62*U62 -> 5770355.3
E63: 3 | F63: Bekisting | I63: 34.605 | J63: m² | K63: 187078.5 | L63: =IF(I63="","",I63*K63) -> 6473851.5 | S63: =IF(AND(M63="",P63=""),I63,I63+M63-P63) -> 34.605 | T63: =J63 -> m² | U63: =K63 -> 187078.5 | V63: =S63*U63 -> 6473851.5
E64: 6 | F64: Pekerjaan kolom beton bertulang 30 x 30 | L64: =IF(I64="","",I64*K64)
E65: 1 | F65: Beton K-250 | I65: 4.32 | J65: m³ | K65: 1250434.9 | L65: =IF(I65="","",I65*K65) -> 5401878.7 | S65: =IF(AND(M65="",P65=""),I65,I65+M65-P65) -> 4.32 | T65: =J65 -> m³ | U65: =K65 -> 1250434.9 | V65: =S65*U65 -> 5401878.7
E66: 2 | F66: Pembesian | I66: 546.55312 | J66: kg | K66: 17112.007 | L66: =IF(I66="","",I66*K66) -> 9352621.1 | S66: =IF(AND(M66="",P66=""),I66,I66+M66-P66) -> 546.55312 | T66: =J66 -> kg | U66: =K66 -> 17112.007 | V66: =S66*U66 -> 9352621.1
E67: 3 | F67: Bekisting | I67: 57.6 | J67: m² | K67: 305481.75 | L67: =IF(I67="","",I67*K67) -> 17595749 | S67: =IF(AND(M67="",P67=""),I67,I67+M67-P67) -> 57.6 | T67: =J67 -> m² | U67: =K67 -> 305481.75 | V67: =S67*U67 -> 17595749
E68: 7 | F68: Pekerjaan kolom praktis beton bertulang 15 x 15 | L68: =IF(I68="","",I68*K68)
E69: 1 | F69: Beton K-175 | I69: 5.6115 | J69: m³ | K69: 1167765.7 | L69: =IF(I69="","",I69*K69) -> 6552917 | S69: =IF(AND(M69="",P69=""),I69,I69+M69-P69) -> 5.6115 | T69: =J69 -> m³ | U69: =K69 -> 1167765.7 | V69: =S69*U69 -> 6552917
E70: 2 | F70: Pembesian | I70: 1003.5658 | J70: kg | K70: 17112.007 | L70: =IF(I70="","",I70*K70) -> 17173025 | S70: =IF(AND(M70="",P70=""),I70,I70+M70-P70) -> 1003.5658 | T70: =J70 -> kg | U70: =K70 -> 17112.007 | V70: =S70*U70 -> 17173025
E71: 3 | F71: Bekisting | I71: 74.82 | J71: m² | K71: 305481.75 | L71: =IF(I71="","",I71*K71) -> 22856145 | S71: =IF(AND(M71="",P71=""),I71,I71+M71-P71) -> 74.82 | T71: =J71 -> m² | U71: =K71 -> 305481.75 | V71: =S71*U71 -> 22856145
E72: 8 | F72: Pekerjaan kolom praktis beton bertulang 15 x 25 | L72: =IF(I72="","",I72*K72)
E73: 1 | F73: Beton K-250 | I73: 0.75 | J73: m³ | K73: 1250434.9 | L73: =IF(I73="","",I73*K73) -> 937826.17 | S73: =IF(AND(M73="",P73=""),I73,I73+M73-P73) -> 0.75 | T73: =J73 -> m³ | U73: =K73 -> 1250434.9 | V73: =S73*U73 -> 937826.17
E74: 2 | F74: Pembesian | I74: 135.87843 | J74: kg | K74: 17112.007 | L74: =IF(I74="","",I74*K74) -> 2325152.8 | S74: =IF(AND(M74="",P74=""),I74,I74+M74-P74) -> 135.87843 | T74: =J74 -> kg | U74: =K74 -> 17112.007 | V74: =S74*U74 -> 2325152.8
E75: 3 | F75: Bekisting | I75: 16 | J75: m² | K75: 305481.75 | L75: =IF(I75="","",I75*K75) -> 4887708 | S75: =IF(AND(M75="",P75=""),I75,I75+M75-P75) -> 16 | T75: =J75 -> m² | U75: =K75 -> 305481.75 | V75: =S75*U75 -> 4887708
E76: 9 | F76: Pekerjaan kolom praktis beton bertulang 15 x 40 | L76: =IF(I76="","",I76*K76)
E77: 1 | F77: Beton K-250 | I77: 1.008 | J77: m³ | K77: 1250434.9 | L77: =IF(I77="","",I77*K77) -> 1260438.4 | S77: =IF(AND(M77="",P77=""),I77,I77+M77-P77) -> 1.008 | T77: =J77 -> m³ | U77: =K77 -> 1250434.9 | V77: =S77*U77 -> 1260438.4
E78: 2 | F78: Pembesian | I78: 110.47016 | J78: kg | K78: 17112.007 | L78: =IF(I78="","",I78*K78) -> 1890366.3 | S78: =IF(AND(M78="",P78=""),I78,I78+M78-P78) -> 110.47016 | T78: =J78 -> kg | U78: =K78 -> 17112.007 | V78: =S78*U78 -> 1890366.3
E79: 3 | F79: Bekisting | I79: 13.44 | J79: m² | K79: 305481.75 | L79: =IF(I79="","",I79*K79) -> 4105674.7 | S79: =IF(AND(M79="",P79=""),I79,I79+M79-P79) -> 13.44 | T79: =J79 -> m² | U79: =K79 -> 305481.75 | V79: =S79*U79 -> 4105674.7
E80: 10 | F80: Pekerjaan tangga beton bertulang | L80: =IF(I80="","",I80*K80)
E81: 1 | F81: Beton K-250 | I81: 1.89 | J81: m³ | K81: 1250434.9 | L81: =IF(I81="","",I81*K81) -> 2363321.9 | S81: =IF(AND(M81="",P81=""),I81,I81+M81-P81) -> 1.89 | T81: =J81 -> m³ | U81: =K81 -> 1250434.9 | V81: =S81*U81 -> 2363321.9
E82: 2 | F82: Pembesian | I82: 204.65859 | J82: kg | K82: 17112.007 | L82: =IF(I82="","",I82*K82) -> 3502119.4 | S82: =IF(AND(M82="",P82=""),I82,I82+M82-P82) -> 204.65859 | T82: =J82 -> kg | U82: =K82 -> 17112.007 | V82: =S82*U82 -> 3502119.4
E83: 3 | F83: Bekisting | I83: 15.15 | J83: m² | K83: 285531.75 | L83: =IF(I83="","",I83*K83) -> 4325806 | S83: =IF(AND(M83="",P83=""),I83,I83+M83-P83) -> 15.15 | T83: =J83 -> m² | U83: =K83 -> 285531.75 | V83: =S83*U83 -> 4325806
E84: 11 | F84: Pekerjaan ring balok beton bertulang 25/50 | L84: =IF(I84="","",I84*K84)
E85: 1 | F85: Beton K-250 | I85: 12.335 | J85: m³ | K85: 1250434.9 | L85: =IF(I85="","",I85*K85) -> 15424114 | S85: =IF(AND(M85="",P85=""),I85,I85+M85-P85) -> 12.335 | T85: =J85 -> m³ | U85: =K85 -> 1250434.9 | V85: =S85*U85 -> 15424114
E86: 2 | F86: Pembesian | I86: 1732.6006 | J86: kg | K86: 17112.007 | L86: =IF(I86="","",I86*K86) -> 29648275 | S86: =IF(AND(M86="",P86=""),I86,I86+M86-P86) -> 1732.6006 | T86: =J86 -> kg | U86: =K86 -> 17112.007 | V86: =S86*U86 -> 29648275
E87: 3 | F87: Bekisting | I87: 98.68 | J87: m² | K87: 312096.75 | L87: =IF(I87="","",I87*K87) -> 30797707 | S87: =IF(AND(M87="",P87=""),I87,I87+M87-P87) -> 98.68 | T87: =J87 -> m² | U87: =K87 -> 312096.75 | V87: =S87*U87 -> 30797707
E88: 12 | F88: Pekerjaan ring balok beton bertulang 15/25 | L88: =IF(I88="","",I88*K88)
E89: 1 | F89: Beton K-250 | I89: 4.63575 | J89: m³ | K89: 1250434.9 | L89: =IF(I89="","",I89*K89) -> 5796703.5 | S89: =IF(AND(M89="",P89=""),I89,I89+M89-P89) -> 4.63575 | T89: =J89 -> m³ | U89: =K89 -> 1250434.9 | V89: =S89*U89 -> 5796703.5
E90: 2 | F90: Pembesian | I90: 941.66031 | J90: kg | K90: 17112.007 | L90: =IF(I90="","",I90*K90) -> 16113698 | S90: =IF(AND(M90="",P90=""),I90,I90+M90-P90) -> 941.66031 | T90: =J90 -> kg | U90: =K90 -> 17112.007 | V90: =S90*U90 -> 16113698
E91: 3 | F91: Bekisting | I91: 61.81 | J91: m² | K91: 312096.75 | L91: =IF(I91="","",I91*K91) -> 19290700 | S91: =IF(AND(M91="",P91=""),I91,I91+M91-P91) -> 61.81 | T91: =J91 -> m² | U91: =K91 -> 312096.75 | V91: =S91*U91 -> 19290700
E92: 13 | F92: Pekerjaan ring balok beton bertulang 15/35 | L92: =IF(I92="","",I92*K92)
E93: 1 | F93: Beton K-250 | I93: 0.717375 | J93: m³ | K93: 1250434.9 | L93: =IF(I93="","",I93*K93) -> 897030.73 | S93: =IF(AND(M93="",P93=""),I93,I93+M93-P93) -> 0.717375 | T93: =J93 -> m³ | U93: =K93 -> 1250434.9 | V93: =S93*U93 -> 897030.73
E94: 2 | F94: Pembesian | I94: 185.73853 | J94: kg | K94: 17112.007 | L94: =IF(I94="","",I94*K94) -> 3178359.1 | S94: =IF(AND(M94="",P94=""),I94,I94+M94-P94) -> 185.73853 | T94: =J94 -> kg | U94: =K94 -> 17112.007 | V94: =S94*U94 -> 3178359.1
E95: 3 | F95: Bekisting | I95: 9.565 | J95: m² | K95: 312096.75 | L95: =IF(I95="","",I95*K95) -> 2985205.4 | S95: =IF(AND(M95="",P95=""),I95,I95+M95-P95) -> 9.565 | T95: =J95 -> m² | U95: =K95 -> 312096.75 | V95: =S95*U95 -> 2985205.4
E96: 14 | F96: Pekerjaan kanopi beton bertulang t = 12cm | L96: =IF(I96="","",I96*K96)
E97: 1 | F97: Beton K-250 | I97: 0.27 | J97: m³ | K97: 1250434.9 | L97: =IF(I97="","",I97*K97) -> 337617.42 | M97: 0.54 | N97: 1250434.9 | O97: =IF(M97="","",M97*N97) -> 675234.84 | S97: =IF(AND(M97="",P97=""),I97,I97+M97-P97) -> 0.81 | T97: =J97 -> m³ | U97: =K97 -> 1250434.9 | V97: =S97*U97 -> 1012852.3
E98: 2 | F98: Pembesian | I98: 28.83933 | J98: kg | K98: 17112.007 | L98: =IF(I98="","",I98*K98) -> 493498.83 | M98: 47.56 | N98: 17112.007 | O98: =IF(M98="","",M98*N98) -> 813847.08 | S98: =IF(AND(M98="",P98=""),I98,I98+M98-P98) -> 76.39933 | T98: =J98 -> kg | U98: =K98 -> 17112.007 | V98: =S98*U98 -> 1307345.9
E99: 3 | F99: Bekisting | I99: 2.25 | J99: m² | K99: 347481.75 | L99: =IF(I99="","",I99*K99) -> 781833.94 | M99: 4.5 | N99: 347481.75 | O99: =IF(M99="","",M99*N99) -> 1563667.9 | S99: =IF(AND(M99="",P99=""),I99,I99+M99-P99) -> 6.75 | T99: =J99 -> m² | U99: =K99 -> 347481.75 | V99: =S99*U99 -> 2345501.8
E100: 15 | F100: Pekerjaan plat lantai beton bertulang t = 12cm dengan wire mash | L100: =IF(I100="","",I100*K100)
E101: 1 | F101: Beton K-250 | I101: 23.232 | J101: m³ | K101: 1250434.9 | L101: =IF(I101="","",I101*K101) -> 29050103 | S101: =IF(AND(M101="",P101=""),I101,I101+M101-P101) -> 23.232 | T101: =J101 -> m³ | U101: =K101 -> 1250434.9 | V101: =S101*U101 -> 29050103
E102: 2 | F102: Wiremash M8 | I102: 2110.24 | J102: kg | K102: 16097.445 | L102: =IF(I102="","",I102*K102) -> 33969472 | S102: =IF(AND(M102="",P102=""),I102,I102+M102-P102) -> 2110.24 | T102: =J102 -> kg | U102: =K102 -> 16097.445 | V102: =S102*U102 -> 33969472
E103: 3 | F103: Floordeck 0,75 mm | I103: 200.344 | J103: m² | K103: 254176.65 | L103: =IF(I103="","",I103*K103) -> 50922767 | S103: =IF(AND(M103="",P103=""),I103,I103+M103-P103) -> 200.344 | T103: =J103 -> m² | U103: =K103 -> 254176.65 | V103: =S103*U103 -> 50922767
L104: =IF(I104="","",I104*K104)
F105: Pekerjaan Struktur Top Floor | L105: =IF(I105="","",I105*K105)
E106: 1 | F106: Pekerjaan kolom beton bertulang 30 x 30 | L106: =IF(I106="","",I106*K106)
...

Sheet ABSENSI PEKERJA
E2: ABSENSI PEKERJA
E4: DAFTAR HADIR PEKERJA PER 2 MINGGU
E5: NO | F5: NAMA | G5: POSISI | H5: HARGA UPAH (Hari) | I5: HARGA LEMBUR (Jam) | J5: =IF(J6="","",TEXT(J6,"[$-ID]DDDD")) -> Rabu | L5: =IF(L6="","",TEXT(L6,"[$-ID]DDDD")) -> Kamis | N5: =IF(N6="","",TEXT(N6,"[$-ID]DDDD")) -> Jumat | P5: =IF(P6="","",TEXT(P6,"[$-ID]DDDD")) -> Sabtu | R5: =IF(R6="","",TEXT(R6,"[$-ID]DDDD")) -> Minggu | T5: =IF(T6="","",TEXT(T6,"[$-ID]DDDD")) -> Senin | V5: =IF(V6="","",TEXT(V6,"[$-ID]DDDD")) -> Selasa | X5: =IF(X6="","",TEXT(X6,"[$-ID]DDDD")) -> Rabu | Z5: =IF(Z6="","",TEXT(Z6,"[$-ID]DDDD")) -> Kamis | AB5: =IF(AB6="","",TEXT(AB6,"[$-ID]DDDD")) -> Jumat | AD5: =IF(AD6="","",TEXT(AD6,"[$-ID]DDDD")) -> Sabtu | AF5: =IF(AF6="","",TEXT(AF6,"[$-ID]DDDD")) -> Minggu | AH5: =IF(AH6="","",TEXT(AH6,"[$-ID]DDDD")) -> Senin | AJ5: =IF(AJ6="","",TEXT(AJ6,"[$-ID]DDDD")) -> Selasa | AL5: JUMLAH KEHADIRAN (HARI) | AM5: JUMLAH LEMBUR (JAM) | AN5: TOTAL BAYAR UPAH | AO5: TOTAL BAYAR LEMBUR | AP5: TOTAL BAYARAN | AQ5: PENGAMBILAN KASBON | AR5: SISA UPAH
J6: 45805 | L6: =J6+1 -> 45806 | N6: =L6+1 -> 45807 | P6: =N6+1 -> 45808 | R6: =P6+1 -> 45809 | T6: =R6+1 -> 45810 | V6: =T6+1 -> 45811 | X6: =V6+1 -> 45812 | Z6: =X6+1 -> 45813 | AB6: =Z6+1 -> 45814 | AD6: =AB6+1 -> 45815 | AF6: =AD6+1 -> 45816 | AH6: =AF6+1 -> 45817 | AJ6: =AH6+1 -> 45818
J7: H | K7: L | L7: H | M7: L | N7: H | O7: L | P7: H | Q7: L | R7: H | S7: L | T7: H | U7: L | V7: H | W7: L | X7: H | Y7: L | Z7: H | AA7: L | AB7: H | AC7: L | AD7: H | AE7: L | AF7: H | AG7: L | AH7: H | AI7: L | AJ7: H | AK7: L
E8: 1 | F8: Pajo | G8: Kepala tukang | H8: 150000 | I8: 20000 | J8: 1 | K8: 6 | L8: 1 | M8: 3 | N8: 1 | O8: 0 | P8: 1 | R8: 1 | S8: 3 | T8: 0 | V8: 1 | X8: 1 | Z8: 1 | AB8: 1 | AD8: 1 | AF8: 0 | AH8: 1 | AJ8: 1 | AL8: =SUMIFS(J8:AK8, $J$7:$AK$7, "H") -> 12 | AM8: =SUMIFS(J8:AK8, $J$7:$AK$7, "L") -> 12 | AN8: =H8*AL8 -> 1800000 | AO8: =I8*AM8 -> 240000 | AP8: =AN8+AO8 -> 2040000 | AQ8: 55000 | AR8: =AP8-AQ8 -> 1985000
E9: =1+E8 -> 2 | F9: Iman | G9: Buruh | H9: 100000 | I9: 15000 | AL9: =SUMIFS(J9:AK9, $J$7:$AK$7, "H") -> 0 | AM9: =SUMIFS(J9:AK9, $J$7:$AK$7, "L") -> 0 | AN9: =H9*AL9 -> 0 | AO9: =I9*AM9 -> 0 | AP9: =AN9+AO9 -> 0 | AQ9: 1000000 | AR9: =AP9-AQ9 -> -1000000
E10: =1+E9 -> 3 | F10: Pandi | G10: Buruh | H10: 100000 | I10: 15000 | J10: 0 | L10: 0.5 | M10: 2 | AL10: =SUMIFS(J10:AK10, $J$7:$AK$7, "H") -> 0.5 | AM10: =SUMIFS(J10:AK10, $J$7:$AK$7, "L") -> 2 | AN10: =H10*AL10 -> 50000 | AO10: =I10*AM10 -> 30000 | AP10: =AN10+AO10 -> 80000 | AQ10: 0 | AR10: =AP10-AQ10 -> 80000
E11: =1+E10 -> 4 | F11: Didi | G11: Buruh | H11: 100000 | I11: 15000 | AL11: =SUMIFS(J11:AK11, $J$7:$AK$7, "H") -> 0 | AM11: =SUMIFS(J11:AK11, $J$7:$AK$7, "L") -> 0 | AN11: =H11*AL11 -> 0 | AO11: =I11*AM11 -> 0 | AP11: =AN11+AO11 -> 0 | AQ11: 0 | AR11: =AP11-AQ11 -> 0
E12: =1+E11 -> 5 | F12: Nanang | G12: Tukang | AL12: =SUMIFS(J12:AK12, $J$7:$AK$7, "H") -> 0 | AM12: =SUMIFS(J12:AK12, $J$7:$AK$7, "L") -> 0 | AN12: =H12*AL12 -> 0 | AO12: =I12*AM12 -> 0 | AP12: =AN12+AO12 -> 0 | AQ12: 0 | AR12: =AP12-AQ12 -> 0
E13: =1+E12 -> 6 | AL13: =SUMIFS(J13:AK13, $J$7:$AK$7, "H") -> 0 | AM13: =SUMIFS(J13:AK13, $J$7:$AK$7, "L") -> 0 | AN13: =H13*AL13 -> 0 | AO13: =I13*AM13 -> 0 | AP13: =AN13+AO13 -> 0 | AR13: =AP13-AQ13 -> #VALUE!
E14: =1+E13 -> 7 | AL14: =SUMIFS(J14:AK14, $J$7:$AK$7, "H") -> 0 | AM14: =SUMIFS(J14:AK14, $J$7:$AK$7, "L") -> 0 | AN14: =H14*AL14 -> 0 | AO14: =I14*AM14 -> 0 | AP14: =AN14+AO14 -> 0 | AR14: =AP14-AQ14 -> #VALUE!
E15: =1+E14 -> 8 | AL15: =SUMIFS(J15:AK15, $J$7:$AK$7, "H") -> 0 | AM15: =SUMIFS(J15:AK15, $J$7:$AK$7, "L") -> 0 | AN15: =H15*AL15 -> 0 | AO15: =I15*AM15 -> 0 | AP15: =AN15+AO15 -> 0 | AR15: =AP15-AQ15 -> #VALUE!
E16: =1+E15 -> 9 | AL16: =SUMIFS(J16:AK16, $J$7:$AK$7, "H") -> 0 | AM16: =SUMIFS(J16:AK16, $J$7:$AK$7, "L") -> 0 | AN16: =H16*AL16 -> 0 | AO16: =I16*AM16 -> 0 | AP16: =AN16+AO16 -> 0 | AR16: =AP16-AQ16 -> #VALUE!
E17: =1+E16 -> 10 | AL17: =SUMIFS(J17:AK17, $J$7:$AK$7, "H") -> 0 | AM17: =SUMIFS(J17:AK17, $J$7:$AK$7, "L") -> 0 | AN17: =H17*AL17 -> 0 | AO17: =I17*AM17 -> 0 | AP17: =AN17+AO17 -> 0 | AR17: =AP17-AQ17 -> #VALUE!
E18: =1+E17 -> 11 | AL18: =SUMIFS(J18:AK18, $J$7:$AK$7, "H") -> 0 | AM18: =SUMIFS(J18:AK18, $J$7:$AK$7, "L") -> 0 | AN18: =H18*AL18 -> 0 | AO18: =I18*AM18 -> 0 | AP18: =AN18+AO18 -> 0 | AR18: =AP18-AQ18 -> #VALUE!
E19: =1+E18 -> 12 | AL19: =SUMIFS(J19:AK19, $J$7:$AK$7, "H") -> 0 | AM19: =SUMIFS(J19:AK19, $J$7:$AK$7, "L") -> 0 | AN19: =H19*AL19 -> 0 | AO19: =I19*AM19 -> 0 | AP19: =AN19+AO19 -> 0 | AR19: =AP19-AQ19 -> #VALUE!
E20: =1+E19 -> 13 | AL20: =SUMIFS(J20:AK20, $J$7:$AK$7, "H") -> 0 | AM20: =SUMIFS(J20:AK20, $J$7:$AK$7, "L") -> 0 | AN20: =H20*AL20 -> 0 | AO20: =I20*AM20 -> 0 | AP20: =AN20+AO20 -> 0 | AR20: =AP20-AQ20 -> #VALUE!
E21: =1+E20 -> 14 | AL21: =SUMIFS(J21:AK21, $J$7:$AK$7, "H") -> 0 | AM21: =SUMIFS(J21:AK21, $J$7:$AK$7, "L") -> 0 | AN21: =H21*AL21 -> 0 | AO21: =I21*AM21 -> 0 | AP21: =AN21+AO21 -> 0 | AR21: =AP21-AQ21 -> #VALUE!
E22: =1+E21 -> 15 | AL22: =SUMIFS(J22:AK22, $J$7:$AK$7, "H") -> 0 | AM22: =SUMIFS(J22:AK22, $J$7:$AK$7, "L") -> 0 | AN22: =H22*AL22 -> 0 | AO22: =I22*AM22 -> 0 | AP22: =AN22+AO22 -> 0 | AR22: =AP22-AQ22 -> #VALUE!
E23: =1+E22 -> 16 | AL23: =SUMIFS(J23:AK23, $J$7:$AK$7, "H") -> 0 | AM23: =SUMIFS(J23:AK23, $J$7:$AK$7, "L") -> 0 | AN23: =H23*AL23 -> 0 | AO23: =I23*AM23 -> 0 | AP23: =AN23+AO23 -> 0 | AR23: =AP23-AQ23 -> #VALUE!
E24: =1+E23 -> 17 | AL24: =SUMIFS(J24:AK24, $J$7:$AK$7, "H") -> 0 | AM24: =SUMIFS(J24:AK24, $J$7:$AK$7, "L") -> 0 | AN24: =H24*AL24 -> 0 | AO24: =I24*AM24 -> 0 | AP24: =AN24+AO24 -> 0 | AR24: =AP24-AQ24 -> #VALUE!
... E34: =1+E33 -> 27 | AL34: =SUMIFS(J34:AK34, $J$7:$AK$7, "H") -> 0 | AM34: =SUMIFS(J34:AK34, $J$7:$AK$7, "L") -> 0 | AN34: =H34*AL34 -> 0 | AO34: =I34*AM34 -> 0 | AP34: =AN34+AO34 -> 0 | AR34: =AP34-AQ34 -> #VALUE!
AI35: TOTAL JUMLAH | AN35: =SUM(AN8:AN34) -> 1850000 | AQ35: =SUM(AQ8:AQ34) -> 1055000 | AR35: =SUMIF(AR8:AR34,">0") -> 2065000
F37: KETERANGAN :
E38: - | F38: Hadir penuh di isi angka 1
E39: - | F39: Hadir setengah hari di isi angka 0,5
E40: - | F40: Tidak hadir di isi angka 0
E41: - | F41: H = Hari
E42: - | F42: L = Lembur
E43: - | F43: Mengatur hari dan tanggal cukup input
F44: di tanggal awal (sel F3)

Sheet PANDUAN
E2: PANDUAN PENGGUNAAN
P7: 1 | Q7: Agar hasil dapat sesuai dengan yang diinginkan, dimohon untuk tidak menghilangkan/menghapus data-data yang telah ada.
P8: 2 | Q8: Jika jenis konstruksi tidak terdapat dalam pelaksanaan pembangunan, anda dapat meng_HIDE row atau cell pada bagian tersebut untuk meminimalkan
P9: 3 | Q9: jumlah print out.
P11: I. | Q11: Input Volume Pekerjaan
P12: a. | Q12: Masukkan volume pekerjaan sesuai dengan jenis pekerjaan dalam daftar yang telah disediakan.
P13: b. | Q13: Jika terdapat jenis pekerjaan baru, maka anda harus me_rang sendiri dengan membuat hubungan-hubungan antar sheet
Q14: sesuai dengan metode yang ada dan menggunakan analisa yang benar. Hingga akhirnya pekerjaan tersebut dapat termuat muali dari harga satuan pekerjaan
Q15: sampai dengan daftar rekapitulasi sesuai dengan jenis pekerjaan.
P17: II. | Q17: Daftar Harga
P18: a. | Q18: Untuk mempermudah pengaksesan, masukkan harga material/bahan dan upah pekerja sesuai dengan daftar yang telah disediakan.
P19: b. | Q19: Jika anda memasukkan jenis material baru pada daftar harga bahan dan satuan upah, maka material tersebut tidak akan terdeteksi pada sistem range.
A21: www.rabotomatis.com | P21: III. | Q21: Harga Satuan Pekerjaan
P22: a. | Q22: Harga satuan pekerjaan merupakan perkalian antara koefesien tiap satuan pekerjaan dengan harga bahan dan upah kerja per satuan pekerjaan.
P23: b. | Q23: Pada daftar satuan pekerjaan, koefesien yang ada diambil dari analisa yang telah dilakukan dan berdasarkan SNI No 03-2835-2002 Edisi Revisi.
P24: c. | Q24: Jika terdapat perubahan pada sheet volume pekerjaan atau harga bahan dan upah, maka secara otomatis nilai harga satuan pekerjaan akan berubah
Q25: sesuai dengan ketetapan yang telah dibuat.
P26: d. | Q26: Jika memang terdapat jenis pekerjaan baru atau analisa yang digunakan sudah tidak sesuai dengan keadaan, maka pengguna dapat memanfaatkan data yang
Q27: ada dengan mengganti koefesien dari tiap-tiap satuan pekerjaan sesuai dengan ketentuan yang ingin digunakan.
P29: IV. | Q29: RAB (Rencana Anggaran Biaya)
P30: a. | Q30: RAB merupakan nilai/harga dari masing-masing item pekerjaan, yang diperoleh dengan cara mengalikan volume pekerjaan dengan harga satuan pekerjaan.
P31: b. | Q31: Jika terdapat perubahan pada sheet volume pekerjaan/harga bahan dan upah/harga satuan pekerjaan, maka secara otomatis nilai RABpun akan berubah sesuai
Q32: data-data yang baru.
P34: V. | Q34: Rekapitulasi
P35: a. | Q35: Rekapitulasi adalah harga keseluruhan nilai pekerjaan, tanpa memasukkan pajak bangunan.
P36: b. | Q36: Nilai Rekapitulasi secara otomatis akan mengikuti perubahan-perubahan yang dilakukan pada sheet-sheet yang lain.
P38: VI. | Q38: Volume Material Keseluruhan
P39: a. | Q39: Volume material keseluruhan merupakan jumlah banyaknya material/bahan yang akan digunakan dalam penyelesaian pelaksanaan pembangunan.
P40: b. | Q40: Jika terjadi perubahan pada jenis material yang digunakan, maka anda harus melakukan penghitungan ulang ada sheet ini untuk penyesuaian.
P41: c. | Q41: Sebelum melakukan print out pada seet ini, sebaiknya anda mengcek ulang seluruh data yang ada.
P43: V. | Q43: Time Schedule dan Kurva S
P44: a. | Q44: Time Schedule dan Kurva "S" pada sheet ini telah terhubung secara langung dengan sheet rekapitulasi.
P45: b. | Q45: Kurva "S" akan berubah mengikuti data-data terbaru, dan jika kurva S yang ada tidak membentuk kurva yang baik lagi, maka anda dapat
Q46: melakukan penyesuaian ulang dengan cara membagi presentasi bobot pekerjaan per minggu hingga membentuk kurva yang sesuai.
P47: c. | Q47: Jumlah minggu pada time schedule tidak dapat berubah secara langsung, sehingga jika rencana pelaksanaan pembangunan berubah, maka anda harus
Q48: mengulang perhitungan yang ada.
P50: VI. | Q50: Perhitungan Kebutuhan Tulangan
P51: a. | Q51: Untuk menesuaikan perhitungan dengan kebutuhan yang sebenarnya, maka pada sheet ini anda diharapkan dapat mengisi sendiri diameter tulangan dan
Q52: banyaknya tulangan yang digunakan pada kolom yang berwarna hjau. Dengan demikian data-data yang baru tersebut akan memperbaharui/mengganti
Q53: data-data yang terdahulu pada sheet harga satuan pekerjaan.
P54: b. | Q54: Angka "1" pada perhitungan tulangan pokok dan Ø 15 pada perhitungan tulangan begel/sengkang memiliki arti bahwa jenis konstrruksi tersebut
Q55: tidak digunakan pada pelaksanaan pembangunan.Namun anda tetap data-data yang ada telah terhubung langsung pada sheet harga satuan pekerjaan,
Q56: sehingga anda dapat menggunakannya dengan cara seperti pada poin sebelumnya.
P57: c. | Q57: Jika angka pada kolom yang berwarna merah muda tidak terdeteksi, anda dapat mengisikan sendiri nilai dari berat tulangan per meter panjang dari diameter
Q58: tulangan yang anda gunakan sesuai dengan ketentuan yang ada.
